Case_ID,Step_Name,Event_Timestamp,Unit,Resource_ID,Event_Status,Source_System
PT-10000,Patient Registration,2026-01-06T05:25:00+00:00,OPD,REG-01,Completed,Synthetic Hospital EHR
PT-10000,Initial Assessment,2026-01-06T06:11:15.796738332+00:00,OPD,NUR-02,Completed,Synthetic Hospital EHR
PT-10000,Diagnostic Testing,2026-01-06T10:05:18.575491180+00:00,Diagnostics,LAB-03,Completed,Synthetic Hospital EHR
PT-10000,Clinical Review,2026-01-06T17:39:12.806205553+00:00,Clinical,DOC-04,Completed,Synthetic Hospital EHR
PT-10000,Discharge Processing,2026-01-06T18:29:45.768050250+00:00,Billing,BIL-05,Completed,Synthetic Hospital EHR
PT-10000,Patient Exit,2026-01-06T19:54:47.238132413+00:00,Billing,FRONT-06,Completed,Synthetic Hospital EHR
PT-10001,Patient Registration,2026-01-13T01:44:00+00:00,OPD,REG-01,Completed,Synthetic Hospital EHR
PT-10001,Initial Assessment,2026-01-13T02:58:45.201128356+00:00,OPD,NUR-02,Completed,Synthetic Hospital EHR
PT-10001,Diagnostic Testing,2026-01-13T07:38:04.145566702+00:00,Diagnostics,LAB-03,Completed,Synthetic Hospital EHR
PT-10001,Clinical Review,2026-01-13T19:34:15.796413351+00:00,Clinical,DOC-04,Completed,Synthetic Hospital EHR
PT-10001,Discharge Processing,2026-01-13T20:52:56.518917766+00:00,Billing,BIL-05,Completed,Synthetic Hospital EHR
PT-10001,Patient Exit,2026-01-14T04:39:19.045084051+00:00,Billing,FRONT-06,Completed,Synthetic Hospital EHR
PT-10002,Patient Registration,2026-01-08T02:25:00+00:00,OPD,REG-01,Completed,Synthetic Hospital EHR
PT-10002,Initial Assessment,2026-01-08T03:22:17.409909747+00:00,OPD,NUR-02,Completed,Synthetic Hospital EHR
PT-10002,Diagnostic Testing,2026-01-08T06:40:48.294252633+00:00,Diagnostics,LAB-03,Completed,Synthetic Hospital EHR
PT-10002,Clinical Review,2026-01-08T08:09:23.530289392+00:00,Clinical,DOC-04,Completed,Synthetic Hospital EHR
PT-10002,Discharge Processing,2026-01-08T09:12:17.028844163+00:00,Billing,BIL-05,Completed,Synthetic Hospital EHR
PT-10002,Patient Exit,2026-01-08T16:32:18.006911249+00:00,Billing,FRONT-06,Completed,Synthetic Hospital EHR
PT-10003,Patient Registration,2026-01-11T15:35:00+00:00,OPD,REG-01,Completed,Synthetic Hospital EHR
PT-10003,Initial Assessment,2026-01-11T16:41:49.389944540+00:00,OPD,NUR-02,Completed,Synthetic Hospital EHR
PT-10003,Diagnostic Testing,2026-01-11T20:38:54.465413366+00:00,Diagnostics,LAB-03,Completed,Synthetic Hospital EHR
PT-10003,Clinical Review,2026-01-11T21:33:27.436702663+00:00,Clinical,DOC-04,Completed,Synthetic Hospital EHR
PT-10003,Discharge Processing,2026-01-11T22:30:34.286261812+00:00,Billing,BIL-05,Completed,Synthetic Hospital EHR
PT-10003,Patient Exit,2026-01-12T04:27:24.770725329+00:00,Billing,FRONT-06,Completed,Synthetic Hospital EHR
PT-10004,Patient Registration,2026-01-08T15:14:00+00:00,OPD,REG-01,Completed,Synthetic Hospital EHR
PT-10004,Initial Assessment,2026-01-08T16:24:35.841638740+00:00,OPD,NUR-02,Completed,Synthetic Hospital EHR
PT-10004,Diagnostic Testing,2026-01-08T17:58:19.900655218+00:00,Diagnostics,LAB-03,Completed,Synthetic Hospital EHR
PT-10004,Clinical Review,2026-01-08T19:15:20.855022426+00:00,Clinical,DOC-04,Completed,Synthetic Hospital EHR
PT-10004,Discharge Processing,2026-01-08T20:35:31.701696607+00:00,Billing,BIL-05,Completed,Synthetic Hospital EHR
PT-10004,Patient Exit,2026-01-08T22:01:51.711998093+00:00,Billing,FRONT-06,Completed,Synthetic Hospital EHR
PT-10005,Patient Registration,2026-01-07T14:27:00+00:00,OPD,REG-01,Completed,Synthetic Hospital EHR
PT-10005,Initial Assessment,2026-01-07T15:30:22.299421487+00:00,OPD,NUR-02,Completed,Synthetic Hospital EHR
PT-10005,Diagnostic Testing,2026-01-07T17:07:46.828539414+00:00,Diagnostics,LAB-03,Completed,Synthetic Hospital EHR
PT-10005,Clinical Review,2026-01-08T01:19:44.845712876+00:00,Clinical,DOC-04,Completed,Synthetic Hospital EHR
PT-10005,Discharge Processing,2026-01-08T02:30:56.406535419+00:00,Billing,BIL-05,Completed,Synthetic Hospital EHR
PT-10005,Patient Exit,2026-01-08T03:47:28.780133105+00:00,Billing,FRONT-06,Completed,Synthetic Hospital EHR
PT-10006,Patient Registration,2026-01-08T02:30:00+00:00,OPD,REG-01,Completed,Synthetic Hospital EHR
PT-10006,Initial Assessment,2026-01-08T03:23:20.607648352+00:00,OPD,NUR-02,Completed,Synthetic Hospital EHR
PT-10006,Diagnostic Testing,2026-01-08T04:25:15.739028431+00:00,Diagnostics,LAB-03,Completed,Synthetic Hospital EHR
PT-10006,Clinical Review,2026-01-08T12:06:29.588616808+00:00,Clinical,DOC-04,Completed,Synthetic Hospital EHR
PT-10006,Discharge Processing,2026-01-08T13:02:52.128074926+00:00,Billing,BIL-05,Completed,Synthetic Hospital EHR
PT-10006,Patient Exit,2026-01-08T20:52:26.377991587+00:00,Billing,FRONT-06,Completed,Synthetic Hospital EHR
PT-10007,Patient Registration,2026-01-13T03:22:00+00:00,OPD,REG-01,Completed,Synthetic Hospital EHR
PT-10007,Initial Assessment,2026-01-13T04:24:29.498552614+00:00,OPD,NUR-02,Completed,Synthetic Hospital EHR
PT-10007,Diagnostic Testing,2026-01-13T05:53:54.754577066+00:00,Diagnostics,LAB-03,Completed,Synthetic Hospital EHR
PT-10007,Clinical Review,2026-01-13T14:43:20.076695218+00:00,Clinical,DOC-04,Completed,Synthetic Hospital EHR
PT-10007,Discharge Processing,2026-01-13T15:47:29.422670147+00:00,Billing,BIL-05,Completed,Synthetic Hospital EHR
PT-10007,Patient Exit,2026-01-13T21:51:51.946780898+00:00,Billing,FRONT-06,Completed,Synthetic Hospital EHR
PT-10008,Patient Registration,2026-01-15T06:14:00+00:00,OPD,REG-01,Completed,Synthetic Hospital EHR
PT-10008,Initial Assessment,2026-01-15T06:59:11.798429638+00:00,OPD,NUR-02,Completed,Synthetic Hospital EHR
PT-10008,Diagnostic Testing,2026-01-15T07:56:07.017740989+00:00,Diagnostics,LAB-03,Completed,Synthetic Hospital EHR
PT-10008,Clinical Review,2026-01-15T16:41:48.642908749+00:00,Clinical,DOC-04,Completed,Synthetic Hospital EHR
PT-10008,Discharge Processing,2026-01-15T18:04:59.990161262+00:00,Billing,BIL-05,Completed,Synthetic Hospital EHR
PT-10008,Patient Exit,2026-01-16T03:00:10.157925177+00:00,Billing,FRONT-06,Completed,Synthetic Hospital EHR
PT-10009,Patient Registration,2026-01-13T20:49:00+00:00,OPD,REG-01,Completed,Synthetic Hospital EHR
PT-10009,Initial Assessment,2026-01-13T21:44:32.081589108+00:00,OPD,NUR-02,Completed,Synthetic Hospital EHR
PT-10009,Diagnostic Testing,2026-01-14T01:44:39.603969852+00:00,Diagnostics,LAB-03,Completed,Synthetic Hospital EHR
PT-10009,Clinical Review,2026-01-14T08:52:50.184749543+00:00,Clinical,DOC-04,Completed,Synthetic Hospital EHR
PT-10009,Discharge Processing,2026-01-14T09:56:27.892021289+00:00,Billing,BIL-05,Completed,Synthetic Hospital EHR
PT-10009,Patient Exit,2026-01-14T10:58:47.776388344+00:00,Billing,FRONT-06,Completed,Synthetic Hospital EHR
PT-10010,Patient Registration,2026-01-14T17:07:00+00:00,OPD,REG-01,Completed,Synthetic Hospital EHR
PT-10010,Initial Assessment,2026-01-14T18:14:05.167961115+00:00,OPD,NUR-02,Completed,Synthetic Hospital EHR
PT-10010,Diagnostic Testing,2026-01-14T23:09:30.831145871+00:00,Diagnostics,LAB-03,Completed,Synthetic Hospital EHR
PT-10010,Clinical Review,2026-01-15T07:58:03.492271465+00:00,Clinical,DOC-04,Completed,Synthetic Hospital EHR
PT-10010,Discharge Processing,2026-01-15T09:06:40.616729329+00:00,Billing,BIL-05,Completed,Synthetic Hospital EHR
PT-10010,Patient Exit,2026-01-15T14:32:58.315277018+00:00,Billing,FRONT-06,Completed,Synthetic Hospital EHR
PT-10011,Patient Registration,2026-01-06T20:33:00+00:00,OPD,REG-01,Completed,Synthetic Hospital EHR
PT-10011,Initial Assessment,2026-01-06T21:39:18.390745156+00:00,OPD,NUR-02,Completed,Synthetic Hospital EHR
PT-10011,Diagnostic Testing,2026-01-06T22:36:27.956599770+00:00,Diagnostics,LAB-03,Completed,Synthetic Hospital EHR
PT-10011,Clinical Review,2026-01-07T11:25:22.166350480+00:00,Clinical,DOC-04,Completed,Synthetic Hospital EHR
PT-10011,Discharge Processing,2026-01-07T12:29:24.264200464+00:00,Billing,BIL-05,Completed,Synthetic Hospital EHR
PT-10011,Patient Exit,2026-01-07T13:30:51.582509467+00:00,Billing,FRONT-06,Completed,Synthetic Hospital EHR
PT-10012,Patient Registration,2026-01-06T03:01:00+00:00,OPD,REG-01,Completed,Synthetic Hospital EHR
PT-10012,Initial Assessment,2026-01-06T03:56:07.443638960+00:00,OPD,NUR-02,Completed,Synthetic Hospital EHR
PT-10012,Diagnostic Testing,2026-01-06T05:32:37.661036862+00:00,Diagnostics,LAB-03,Completed,Synthetic Hospital EHR
PT-10012,Clinical Review,2026-01-06T14:22:46.324118516+00:00,Clinical,DOC-04,Completed,Synthetic Hospital EHR
PT-10012,Discharge Processing,2026-01-06T15:37:03.513687261+00:00,Billing,BIL-05,Completed,Synthetic Hospital EHR
PT-10012,Patient Exit,2026-01-07T00:54:02.570800923+00:00,Billing,FRONT-06,Completed,Synthetic Hospital EHR
PT-10013,Patient Registration,2026-01-06T07:08:00+00:00,OPD,REG-01,Completed,Synthetic Hospital EHR
PT-10013,Initial Assessment,2026-01-06T08:00:33.650491999+00:00,OPD,NUR-02,Completed,Synthetic Hospital EHR
PT-10013,Diagnostic Testing,2026-01-06T11:59:50.384390559+00:00,Diagnostics,LAB-03,Completed,Synthetic Hospital EHR
PT-10013,Clinical Review,2026-01-06T22:30:06.900519074+00:00,Clinical,DOC-04,Completed,Synthetic Hospital EHR
PT-10013,Discharge Processing,2026-01-06T23:36:02.948801005+00:00,Billing,BIL-05,Completed,Synthetic Hospital EHR
PT-10013,Patient Exit,2026-01-07T06:40:47.482040075+00:00,Billing,FRONT-06,Completed,Synthetic Hospital EHR
PT-10014,Patient Registration,2026-01-07T05:10:00+00:00,OPD,REG-01,Completed,Synthetic Hospital EHR
PT-10014,Initial Assessment,2026-01-07T06:15:35.947380201+00:00,OPD,NUR-02,Completed,Synthetic Hospital EHR
PT-10014,Diagnostic Testing,2026-01-07T08:11:56.082426135+00:00,Diagnostics,LAB-03,Completed,Synthetic Hospital EHR
PT-10014,Clinical Review,2026-01-07T16:13:20.890546531+00:00,Clinical,DOC-04,Completed,Synthetic Hospital EHR
PT-10014,Discharge Processing,2026-01-07T17:08:52.450137329+00:00,Billing,BIL-05,Completed,Synthetic Hospital EHR
PT-10014,Patient Exit,2026-01-07T23:52:56.106618956+00:00,Billing,FRONT-06,Completed,Synthetic Hospital EHR
PT-10015,Patient Registration,2026-01-08T15:10:00+00:00,OPD,REG-01,Completed,Synthetic Hospital EHR
PT-10015,Initial Assessment,2026-01-08T16:06:45.453683771+00:00,OPD,NUR-02,Completed,Synthetic Hospital EHR
PT-10015,Diagnostic Testing,2026-01-08T16:55:00.020616640+00:00,Diagnostics,LAB-03,Completed,Synthetic Hospital EHR
PT-10015,Clinical Review,2026-01-09T04:36:47.101525246+00:00,Clinical,DOC-04,Completed,Synthetic Hospital EHR
PT-10015,Discharge Processing,2026-01-09T06:03:06.123172585+00:00,Billing,BIL-05,Completed,Synthetic Hospital EHR
PT-10015,Patient Exit,2026-01-09T13:30:18.849070966+00:00,Billing,FRONT-06,Completed,Synthetic Hospital EHR
PT-10016,Patient Registration,2026-01-06T22:38:00+00:00,OPD,REG-01,Completed,Synthetic Hospital EHR
PT-10016,Initial Assessment,2026-01-06T23:13:12.606039662+00:00,OPD,NUR-02,Completed,Synthetic Hospital EHR
PT-10016,Diagnostic Testing,2026-01-07T00:34:28.926032104+00:00,Diagnostics,LAB-03,Completed,Synthetic Hospital EHR
PT-10016,Clinical Review,2026-01-07T10:41:55.449925489+00:00,Clinical,DOC-04,Completed,Synthetic Hospital EHR
PT-10016,Discharge Processing,2026-01-07T11:41:59.507538694+00:00,Billing,BIL-05,Completed,Synthetic Hospital EHR
PT-10016,Patient Exit,2026-01-07T20:49:52.762174192+00:00,Billing,FRONT-06,Completed,Synthetic Hospital EHR
PT-10017,Patient Registration,2026-01-11T01:12:00+00:00,OPD,REG-01,Completed,Synthetic Hospital EHR
PT-10017,Initial Assessment,2026-01-11T02:09:40.022653153+00:00,OPD,NUR-02,Completed,Synthetic Hospital EHR
PT-10017,Diagnostic Testing,2026-01-11T06:59:35.307938143+00:00,Diagnostics,LAB-03,Completed,Synthetic Hospital EHR
PT-10017,Clinical Review,2026-01-11T18:01:35.693947802+00:00,Clinical,DOC-04,Completed,Synthetic Hospital EHR
PT-10017,Discharge Processing,2026-01-11T19:10:39.600222470+00:00,Billing,BIL-05,Completed,Synthetic Hospital EHR
PT-10017,Patient Exit,2026-01-11T20:34:27.919688524+00:00,Billing,FRONT-06,Completed,Synthetic Hospital EHR
PT-10018,Patient Registration,2026-01-15T02:02:00+00:00,OPD,REG-01,Completed,Synthetic Hospital EHR
PT-10018,Initial Assessment,2026-01-15T02:49:08.240126821+00:00,OPD,NUR-02,Completed,Synthetic Hospital EHR
PT-10018,Diagnostic Testing,2026-01-15T03:49:28.368825820+00:00,Diagnostics,LAB-03,Completed,Synthetic Hospital EHR
PT-10018,Clinical Review,2026-01-15T15:48:11.827277480+00:00,Clinical,DOC-04,Completed,Synthetic Hospital EHR
PT-10018,Discharge Processing,2026-01-15T17:14:31.318470821+00:00,Billing,BIL-05,Completed,Synthetic Hospital EHR
PT-10018,Patient Exit,2026-01-16T03:00:23.507582076+00:00,Billing,FRONT-06,Completed,Synthetic Hospital EHR
PT-10019,Patient Registration,2026-01-07T15:15:00+00:00,OPD,REG-01,Completed,Synthetic Hospital EHR
PT-10019,Initial Assessment,2026-01-07T16:12:41.750448278+00:00,OPD,NUR-02,Completed,Synthetic Hospital EHR
PT-10019,Diagnostic Testing,2026-01-07T17:26:47.056141304+00:00,Diagnostics,LAB-03,Completed,Synthetic Hospital EHR
PT-10019,Clinical Review,2026-01-07T18:11:39.644284599+00:00,Clinical,DOC-04,Completed,Synthetic Hospital EHR
PT-10019,Discharge Processing,2026-01-07T19:14:08.080167966+00:00,Billing,BIL-05,Completed,Synthetic Hospital EHR
PT-10019,Patient Exit,2026-01-08T05:11:50.840320971+00:00,Billing,FRONT-06,Completed,Synthetic Hospital EHR
PT-10020,Patient Registration,2026-01-06T05:49:00+00:00,OPD,REG-01,Completed,Synthetic Hospital EHR
PT-10020,Initial Assessment,2026-01-06T06:51:26.910931286+00:00,OPD,NUR-02,Completed,Synthetic Hospital EHR
PT-10020,Diagnostic Testing,2026-01-06T11:21:03.796132998+00:00,Diagnostics,LAB-03,Completed,Synthetic Hospital EHR
PT-10020,Clinical Review,2026-01-06T20:14:47.863652543+00:00,Clinical,DOC-04,Completed,Synthetic Hospital EHR
PT-10020,Discharge Processing,2026-01-06T21:28:44.649254045+00:00,Billing,BIL-05,Completed,Synthetic Hospital EHR
PT-10020,Patient Exit,2026-01-07T04:20:50.488373771+00:00,Billing,FRONT-06,Completed,Synthetic Hospital EHR
PT-10021,Patient Registration,2026-01-12T19:39:00+00:00,OPD,REG-01,Completed,Synthetic Hospital EHR
PT-10021,Initial Assessment,2026-01-12T20:41:48.746507403+00:00,OPD,NUR-02,Completed,Synthetic Hospital EHR
PT-10021,Diagnostic Testing,2026-01-12T21:33:45.327880259+00:00,Diagnostics,LAB-03,Completed,Synthetic Hospital EHR
PT-10021,Clinical Review,2026-01-13T05:17:56.899220347+00:00,Clinical,DOC-04,Completed,Synthetic Hospital EHR
PT-10021,Discharge Processing,2026-01-13T07:05:39.300445993+00:00,Billing,BIL-05,Completed,Synthetic Hospital EHR
PT-10021,Patient Exit,2026-01-13T12:59:26.129992832+00:00,Billing,FRONT-06,Completed,Synthetic Hospital EHR
PT-10022,Patient Registration,2026-01-12T12:46:00+00:00,OPD,REG-01,Completed,Synthetic Hospital EHR
PT-10022,Initial Assessment,2026-01-12T14:11:15.521257050+00:00,OPD,NUR-02,Completed,Synthetic Hospital EHR
PT-10022,Diagnostic Testing,2026-01-12T15:08:36.167417511+00:00,Diagnostics,LAB-03,Completed,Synthetic Hospital EHR
PT-10022,Clinical Review,2026-01-13T03:58:27.618220427+00:00,Clinical,DOC-04,Completed,Synthetic Hospital EHR
PT-10022,Discharge Processing,2026-01-13T05:08:22.243702051+00:00,Billing,BIL-05,Completed,Synthetic Hospital EHR
PT-10022,Patient Exit,2026-01-13T10:12:33.096880798+00:00,Billing,FRONT-06,Completed,Synthetic Hospital EHR
PT-10023,Patient Registration,2026-01-14T01:53:00+00:00,OPD,REG-01,Completed,Synthetic Hospital EHR
PT-10023,Initial Assessment,2026-01-14T02:54:22.456557188+00:00,OPD,NUR-02,Completed,Synthetic Hospital EHR
PT-10023,Diagnostic Testing,2026-01-14T04:25:21.420593194+00:00,Diagnostics,LAB-03,Completed,Synthetic Hospital EHR
PT-10023,Clinical Review,2026-01-14T14:27:38.147116199+00:00,Clinical,DOC-04,Completed,Synthetic Hospital EHR
PT-10023,Discharge Processing,2026-01-14T15:24:19.852732588+00:00,Billing,BIL-05,Completed,Synthetic Hospital EHR
PT-10023,Patient Exit,2026-01-14T21:24:15.814462469+00:00,Billing,FRONT-06,Completed,Synthetic Hospital EHR
PT-10024,Patient Registration,2026-01-05T14:01:00+00:00,OPD,REG-01,Completed,Synthetic Hospital EHR
PT-10024,Initial Assessment,2026-01-05T14:44:03.992455007+00:00,OPD,NUR-02,Completed,Synthetic Hospital EHR
PT-10024,Diagnostic Testing,2026-01-05T15:59:45.535556746+00:00,Diagnostics,LAB-03,Completed,Synthetic Hospital EHR
PT-10024,Clinical Review,2026-01-06T04:33:40.886658486+00:00,Clinical,DOC-04,Completed,Synthetic Hospital EHR
PT-10024,Discharge Processing,2026-01-06T05:35:42.071662242+00:00,Billing,BIL-05,Completed,Synthetic Hospital EHR
PT-10024,Patient Exit,2026-01-06T13:02:16.584478569+00:00,Billing,FRONT-06,Completed,Synthetic Hospital EHR
PT-10025,Patient Registration,2026-01-12T11:41:00+00:00,OPD,REG-01,Completed,Synthetic Hospital EHR
PT-10025,Initial Assessment,2026-01-12T13:04:49.312889636+00:00,OPD,NUR-02,Completed,Synthetic Hospital EHR
PT-10025,Diagnostic Testing,2026-01-12T16:55:06.935988713+00:00,Diagnostics,LAB-03,Completed,Synthetic Hospital EHR
PT-10025,Clinical Review,2026-01-12T17:31:36.430157703+00:00,Clinical,DOC-04,Completed,Synthetic Hospital EHR
PT-10025,Discharge Processing,2026-01-12T18:45:58.928265609+00:00,Billing,BIL-05,Completed,Synthetic Hospital EHR
PT-10025,Patient Exit,2026-01-13T00:17:45.081533122+00:00,Billing,FRONT-06,Completed,Synthetic Hospital EHR
PT-10026,Patient Registration,2026-01-05T09:33:00+00:00,OPD,REG-01,Completed,Synthetic Hospital EHR
PT-10026,Initial Assessment,2026-01-05T11:08:55.437144006+00:00,OPD,NUR-02,Completed,Synthetic Hospital EHR
PT-10026,Diagnostic Testing,2026-01-05T12:06:59.170045087+00:00,Diagnostics,LAB-03,Completed,Synthetic Hospital EHR
PT-10026,Clinical Review,2026-01-05T13:10:01.743810686+00:00,Clinical,DOC-04,Completed,Synthetic Hospital EHR
PT-10026,Discharge Processing,2026-01-05T14:10:25.125549660+00:00,Billing,BIL-05,Completed,Synthetic Hospital EHR
PT-10026,Patient Exit,2026-01-05T19:43:09.717491443+00:00,Billing,FRONT-06,Completed,Synthetic Hospital EHR
PT-10027,Patient Registration,2026-01-14T23:53:00+00:00,OPD,REG-01,Completed,Synthetic Hospital EHR
PT-10027,Initial Assessment,2026-01-15T00:43:56.887481654+00:00,OPD,NUR-02,Completed,Synthetic Hospital EHR
PT-10027,Diagnostic Testing,2026-01-15T01:23:19.789867312+00:00,Diagnostics,LAB-03,Completed,Synthetic Hospital EHR
PT-10027,Clinical Review,2026-01-15T12:01:29.731594432+00:00,Clinical,DOC-04,Completed,Synthetic Hospital EHR
PT-10027,Discharge Processing,2026-01-15T13:02:49.039511381+00:00,Billing,BIL-05,Completed,Synthetic Hospital EHR
PT-10027,Patient Exit,2026-01-15T20:10:34.917066104+00:00,Billing,FRONT-06,Completed,Synthetic Hospital EHR
PT-10028,Patient Registration,2026-01-14T23:01:00+00:00,OPD,REG-01,Completed,Synthetic Hospital EHR
PT-10028,Initial Assessment,2026-01-14T23:42:34.710110094+00:00,OPD,NUR-02,Completed,Synthetic Hospital EHR
PT-10028,Diagnostic Testing,2026-01-15T02:04:38.418731923+00:00,Diagnostics,LAB-03,Completed,Synthetic Hospital EHR
PT-10028,Clinical Review,2026-01-15T13:33:12.327185181+00:00,Clinical,DOC-04,Completed,Synthetic Hospital EHR
PT-10028,Discharge Processing,2026-01-15T15:24:00.306242794+00:00,Billing,BIL-05,Completed,Synthetic Hospital EHR
PT-10028,Patient Exit,2026-01-15T20:43:58.365667987+00:00,Billing,FRONT-06,Completed,Synthetic Hospital EHR
PT-10029,Patient Registration,2026-01-14T00:11:00+00:00,OPD,REG-01,Completed,Synthetic Hospital EHR
PT-10029,Initial Assessment,2026-01-14T01:16:20.905935895+00:00,OPD,NUR-02,Completed,Synthetic Hospital EHR
PT-10029,Diagnostic Testing,2026-01-14T04:30:12.434394285+00:00,Diagnostics,LAB-03,Completed,Synthetic Hospital EHR
PT-10029,Clinical Review,2026-01-14T12:22:00.068146461+00:00,Clinical,DOC-04,Completed,Synthetic Hospital EHR
PT-10029,Discharge Processing,2026-01-14T13:47:00.977963434+00:00,Billing,BIL-05,Completed,Synthetic Hospital EHR
PT-10029,Patient Exit,2026-01-14T20:12:25.939445516+00:00,Billing,FRONT-06,Completed,Synthetic Hospital EHR
PT-10030,Patient Registration,2026-01-10T17:40:00+00:00,OPD,REG-01,Completed,Synthetic Hospital EHR
PT-10030,Initial Assessment,2026-01-10T18:36:08.060208858+00:00,OPD,NUR-02,Completed,Synthetic Hospital EHR
PT-10030,Diagnostic Testing,2026-01-10T19:56:32.662784539+00:00,Diagnostics,LAB-03,Completed,Synthetic Hospital EHR
PT-10030,Clinical Review,2026-01-11T06:29:21.369212535+00:00,Clinical,DOC-04,Completed,Synthetic Hospital EHR
PT-10030,Discharge Processing,2026-01-11T07:59:31.447046147+00:00,Billing,BIL-05,Completed,Synthetic Hospital EHR
PT-10030,Patient Exit,2026-01-11T14:34:55.286791283+00:00,Billing,FRONT-06,Completed,Synthetic Hospital EHR
PT-10031,Patient Registration,2026-01-05T13:04:00+00:00,OPD,REG-01,Completed,Synthetic Hospital EHR
PT-10031,Initial Assessment,2026-01-05T14:04:00.075954583+00:00,OPD,NUR-02,Completed,Synthetic Hospital EHR
PT-10031,Diagnostic Testing,2026-01-05T15:04:24.190469474+00:00,Diagnostics,LAB-03,Completed,Synthetic Hospital EHR
PT-10031,Clinical Review,2026-01-05T23:09:44.556116758+00:00,Clinical,DOC-04,Completed,Synthetic Hospital EHR
PT-10031,Discharge Processing,2026-01-06T01:31:12.149464669+00:00,Billing,BIL-05,Completed,Synthetic Hospital EHR
PT-10031,Patient Exit,2026-01-06T09:22:34.337196038+00:00,Billing,FRONT-06,Completed,Synthetic Hospital EHR
PT-10032,Patient Registration,2026-01-08T03:44:00+00:00,OPD,REG-01,Completed,Synthetic Hospital EHR
PT-10032,Initial Assessment,2026-01-08T04:29:25.988126092+00:00,OPD,NUR-02,Completed,Synthetic Hospital EHR
PT-10032,Diagnostic Testing,2026-01-08T06:16:38.854901804+00:00,Diagnostics,LAB-03,Completed,Synthetic Hospital EHR
PT-10032,Clinical Review,2026-01-08T18:49:35.439272594+00:00,Clinical,DOC-04,Completed,Synthetic Hospital EHR
PT-10032,Discharge Processing,2026-01-08T19:34:50.835895620+00:00,Billing,BIL-05,Completed,Synthetic Hospital EHR
PT-10032,Patient Exit,2026-01-08T21:08:01.979100115+00:00,Billing,FRONT-06,Completed,Synthetic Hospital EHR
PT-10033,Patient Registration,2026-01-05T19:49:00+00:00,OPD,REG-01,Completed,Synthetic Hospital EHR
PT-10033,Initial Assessment,2026-01-05T20:42:19.685883558+00:00,OPD,NUR-02,Completed,Synthetic Hospital EHR
PT-10033,Diagnostic Testing,2026-01-05T22:03:30.166191456+00:00,Diagnostics,LAB-03,Completed,Synthetic Hospital EHR
PT-10033,Clinical Review,2026-01-06T09:43:56.487450343+00:00,Clinical,DOC-04,Completed,Synthetic Hospital EHR
PT-10033,Discharge Processing,2026-01-06T10:52:09.218388488+00:00,Billing,BIL-05,Completed,Synthetic Hospital EHR
PT-10033,Patient Exit,2026-01-06T18:26:25.230051915+00:00,Billing,FRONT-06,Completed,Synthetic Hospital EHR
PT-10034,Patient Registration,2026-01-13T16:05:00+00:00,OPD,REG-01,Completed,Synthetic Hospital EHR
PT-10034,Initial Assessment,2026-01-13T17:01:33.023050534+00:00,OPD,NUR-02,Completed,Synthetic Hospital EHR
PT-10034,Diagnostic Testing,2026-01-13T18:20:37.736893556+00:00,Diagnostics,LAB-03,Completed,Synthetic Hospital EHR
PT-10034,Clinical Review,2026-01-14T02:10:56.734570161+00:00,Clinical,DOC-04,Completed,Synthetic Hospital EHR
PT-10034,Discharge Processing,2026-01-14T02:56:03.905303429+00:00,Billing,BIL-05,Completed,Synthetic Hospital EHR
PT-10034,Patient Exit,2026-01-14T09:05:50.164232948+00:00,Billing,FRONT-06,Completed,Synthetic Hospital EHR
PT-10035,Patient Registration,2026-01-09T23:04:00+00:00,OPD,REG-01,Completed,Synthetic Hospital EHR
PT-10035,Initial Assessment,2026-01-10T00:18:27.776461184+00:00,OPD,NUR-02,Completed,Synthetic Hospital EHR
PT-10035,Diagnostic Testing,2026-01-10T01:26:25.422333609+00:00,Diagnostics,LAB-03,Completed,Synthetic Hospital EHR
PT-10035,Clinical Review,2026-01-10T12:33:17.478595457+00:00,Clinical,DOC-04,Completed,Synthetic Hospital EHR
PT-10035,Discharge Processing,2026-01-10T13:37:40.580574271+00:00,Billing,BIL-05,Completed,Synthetic Hospital EHR
PT-10035,Patient Exit,2026-01-10T15:11:49.242256331+00:00,Billing,FRONT-06,Completed,Synthetic Hospital EHR
PT-10036,Patient Registration,2026-01-13T00:52:00+00:00,OPD,REG-01,Completed,Synthetic Hospital EHR
PT-10036,Initial Assessment,2026-01-13T01:58:57.683590144+00:00,OPD,NUR-02,Completed,Synthetic Hospital EHR
PT-10036,Diagnostic Testing,2026-01-13T04:05:30.918858303+00:00,Diagnostics,LAB-03,Completed,Synthetic Hospital EHR
PT-10036,Clinical Review,2026-01-13T15:55:05.782341959+00:00,Clinical,DOC-04,Completed,Synthetic Hospital EHR
PT-10036,Discharge Processing,2026-01-13T17:00:05.646756019+00:00,Billing,BIL-05,Completed,Synthetic Hospital EHR
PT-10036,Patient Exit,2026-01-13T23:26:32.447811303+00:00,Billing,FRONT-06,Completed,Synthetic Hospital EHR
PT-10037,Patient Registration,2026-01-08T14:48:00+00:00,OPD,REG-01,Completed,Synthetic Hospital EHR
PT-10037,Initial Assessment,2026-01-08T15:32:41.450661504+00:00,OPD,NUR-02,Completed,Synthetic Hospital EHR
PT-10037,Diagnostic Testing,2026-01-08T20:25:00.217384948+00:00,Diagnostics,LAB-03,Completed,Synthetic Hospital EHR
PT-10037,Clinical Review,2026-01-08T21:07:55.787599233+00:00,Clinical,DOC-04,Completed,Synthetic Hospital EHR
PT-10037,Discharge Processing,2026-01-08T22:41:44.587729230+00:00,Billing,BIL-05,Completed,Synthetic Hospital EHR
PT-10037,Patient Exit,2026-01-09T07:19:27.469038115+00:00,Billing,FRONT-06,Completed,Synthetic Hospital EHR
PT-10038,Patient Registration,2026-01-12T13:37:00+00:00,OPD,REG-01,Completed,Synthetic Hospital EHR
PT-10038,Initial Assessment,2026-01-12T14:21:45.674877262+00:00,OPD,NUR-02,Completed,Synthetic Hospital EHR
PT-10038,Diagnostic Testing,2026-01-12T15:25:57.678537166+00:00,Diagnostics,LAB-03,Completed,Synthetic Hospital EHR
PT-10038,Clinical Review,2026-01-13T03:07:42.359197164+00:00,Clinical,DOC-04,Completed,Synthetic Hospital EHR
PT-10038,Discharge Processing,2026-01-13T04:06:29.021562649+00:00,Billing,BIL-05,Completed,Synthetic Hospital EHR
PT-10038,Patient Exit,2026-01-13T04:54:13.231648773+00:00,Billing,FRONT-06,Completed,Synthetic Hospital EHR
PT-10039,Patient Registration,2026-01-06T16:58:00+00:00,OPD,REG-01,Completed,Synthetic Hospital EHR
PT-10039,Initial Assessment,2026-01-06T17:48:43.927967981+00:00,OPD,NUR-02,Completed,Synthetic Hospital EHR
PT-10039,Diagnostic Testing,2026-01-06T19:11:05.483853734+00:00,Diagnostics,LAB-03,Completed,Synthetic Hospital EHR
PT-10039,Clinical Review,2026-01-07T05:37:09.982956865+00:00,Clinical,DOC-04,Completed,Synthetic Hospital EHR
PT-10039,Discharge Processing,2026-01-07T06:16:38.495521217+00:00,Billing,BIL-05,Completed,Synthetic Hospital EHR
PT-10039,Patient Exit,2026-01-07T15:05:49.116541335+00:00,Billing,FRONT-06,Completed,Synthetic Hospital EHR
PT-10040,Patient Registration,2026-01-10T12:14:00+00:00,OPD,REG-01,Completed,Synthetic Hospital EHR
PT-10040,Initial Assessment,2026-01-10T12:49:49.261460236+00:00,OPD,NUR-02,Completed,Synthetic Hospital EHR
PT-10040,Diagnostic Testing,2026-01-10T13:52:38.022720243+00:00,Diagnostics,LAB-03,Completed,Synthetic Hospital EHR
PT-10040,Clinical Review,2026-01-10T21:34:47.459743685+00:00,Clinical,DOC-04,Completed,Synthetic Hospital EHR
PT-10040,Discharge Processing,2026-01-10T23:16:01.790303884+00:00,Billing,BIL-05,Completed,Synthetic Hospital EHR
PT-10040,Patient Exit,2026-01-11T06:21:36.739718110+00:00,Billing,FRONT-06,Completed,Synthetic Hospital EHR
PT-10041,Patient Registration,2026-01-10T06:07:00+00:00,OPD,REG-01,Completed,Synthetic Hospital EHR
PT-10041,Initial Assessment,2026-01-10T07:20:32.205897677+00:00,OPD,NUR-02,Completed,Synthetic Hospital EHR
PT-10041,Diagnostic Testing,2026-01-10T10:38:16.246179980+00:00,Diagnostics,LAB-03,Completed,Synthetic Hospital EHR
PT-10041,Clinical Review,2026-01-10T11:59:01.361909434+00:00,Clinical,DOC-04,Completed,Synthetic Hospital EHR
PT-10041,Discharge Processing,2026-01-10T13:13:55.034584446+00:00,Billing,BIL-05,Completed,Synthetic Hospital EHR
PT-10041,Patient Exit,2026-01-10T19:48:14.954228122+00:00,Billing,FRONT-06,Completed,Synthetic Hospital EHR
PT-10042,Patient Registration,2026-01-06T04:42:00+00:00,OPD,REG-01,Completed,Synthetic Hospital EHR
PT-10042,Initial Assessment,2026-01-06T05:28:02.952418859+00:00,OPD,NUR-02,Completed,Synthetic Hospital EHR
PT-10042,Diagnostic Testing,2026-01-06T06:40:17.315556381+00:00,Diagnostics,LAB-03,Completed,Synthetic Hospital EHR
PT-10042,Clinical Review,2026-01-06T16:59:21.965765843+00:00,Clinical,DOC-04,Completed,Synthetic Hospital EHR
PT-10042,Discharge Processing,2026-01-06T17:56:21.560416897+00:00,Billing,BIL-05,Completed,Synthetic Hospital EHR
PT-10042,Patient Exit,2026-01-06T18:59:54.912586220+00:00,Billing,FRONT-06,Completed,Synthetic Hospital EHR
PT-10043,Patient Registration,2026-01-14T16:40:00+00:00,OPD,REG-01,Completed,Synthetic Hospital EHR
PT-10043,Initial Assessment,2026-01-14T18:03:38.715342430+00:00,OPD,NUR-02,Completed,Synthetic Hospital EHR
PT-10043,Diagnostic Testing,2026-01-14T19:40:37.640661116+00:00,Diagnostics,LAB-03,Completed,Synthetic Hospital EHR
PT-10043,Clinical Review,2026-01-14T20:22:44.163539097+00:00,Clinical,DOC-04,Completed,Synthetic Hospital EHR
PT-10043,Discharge Processing,2026-01-14T22:27:59.890854729+00:00,Billing,BIL-05,Completed,Synthetic Hospital EHR
PT-10043,Patient Exit,2026-01-15T04:04:34.481064761+00:00,Billing,FRONT-06,Completed,Synthetic Hospital EHR
PT-10044,Patient Registration,2026-01-05T15:46:00+00:00,OPD,REG-01,Completed,Synthetic Hospital EHR
PT-10044,Initial Assessment,2026-01-05T16:47:38.413546731+00:00,OPD,NUR-02,Completed,Synthetic Hospital EHR
PT-10044,Diagnostic Testing,2026-01-05T18:38:43.897767263+00:00,Diagnostics,LAB-03,Completed,Synthetic Hospital EHR
PT-10044,Clinical Review,2026-01-05T19:31:27.190258501+00:00,Clinical,DOC-04,Completed,Synthetic Hospital EHR
PT-10044,Discharge Processing,2026-01-05T20:18:21.635137305+00:00,Billing,BIL-05,Completed,Synthetic Hospital EHR
PT-10044,Patient Exit,2026-01-06T02:48:56.328183269+00:00,Billing,FRONT-06,Completed,Synthetic Hospital EHR
PT-10045,Patient Registration,2026-01-12T04:39:00+00:00,OPD,REG-01,Completed,Synthetic Hospital EHR
PT-10045,Initial Assessment,2026-01-12T05:43:17.434751089+00:00,OPD,NUR-02,Completed,Synthetic Hospital EHR
PT-10045,Diagnostic Testing,2026-01-12T06:32:22.843588181+00:00,Diagnostics,LAB-03,Completed,Synthetic Hospital EHR
PT-10045,Clinical Review,2026-01-12T08:00:07.963675688+00:00,Clinical,DOC-04,Completed,Synthetic Hospital EHR
PT-10045,Discharge Processing,2026-01-12T09:02:20.696092442+00:00,Billing,BIL-05,Completed,Synthetic Hospital EHR
PT-10045,Patient Exit,2026-01-12T09:39:47.658126301+00:00,Billing,FRONT-06,Completed,Synthetic Hospital EHR
PT-10046,Patient Registration,2026-01-05T13:45:00+00:00,OPD,REG-01,Completed,Synthetic Hospital EHR
PT-10046,Initial Assessment,2026-01-05T14:47:06.592225074+00:00,OPD,NUR-02,Completed,Synthetic Hospital EHR
PT-10046,Diagnostic Testing,2026-01-05T19:36:23.187460416+00:00,Diagnostics,LAB-03,Completed,Synthetic Hospital EHR
PT-10046,Clinical Review,2026-01-05T20:13:07.585671952+00:00,Clinical,DOC-04,Completed,Synthetic Hospital EHR
PT-10046,Discharge Processing,2026-01-05T21:11:49.188410989+00:00,Billing,BIL-05,Completed,Synthetic Hospital EHR
PT-10046,Patient Exit,2026-01-06T06:04:51.011343448+00:00,Billing,FRONT-06,Completed,Synthetic Hospital EHR
PT-10047,Patient Registration,2026-01-11T23:45:00+00:00,OPD,REG-01,Completed,Synthetic Hospital EHR
PT-10047,Initial Assessment,2026-01-12T00:53:20.978728107+00:00,OPD,NUR-02,Completed,Synthetic Hospital EHR
PT-10047,Diagnostic Testing,2026-01-12T02:02:36.034118341+00:00,Diagnostics,LAB-03,Completed,Synthetic Hospital EHR
PT-10047,Clinical Review,2026-01-12T09:21:11.845125852+00:00,Clinical,DOC-04,Completed,Synthetic Hospital EHR
PT-10047,Discharge Processing,2026-01-12T10:03:43.697285228+00:00,Billing,BIL-05,Completed,Synthetic Hospital EHR
PT-10047,Patient Exit,2026-01-12T10:50:25.619131863+00:00,Billing,FRONT-06,Completed,Synthetic Hospital EHR
PT-10048,Patient Registration,2026-01-07T18:46:00+00:00,OPD,REG-01,Completed,Synthetic Hospital EHR
PT-10048,Initial Assessment,2026-01-07T19:58:21.814378856+00:00,OPD,NUR-02,Completed,Synthetic Hospital EHR
PT-10048,Diagnostic Testing,2026-01-07T23:58:54.437508245+00:00,Diagnostics,LAB-03,Completed,Synthetic Hospital EHR
PT-10048,Clinical Review,2026-01-08T11:10:13.846442183+00:00,Clinical,DOC-04,Completed,Synthetic Hospital EHR
PT-10048,Discharge Processing,2026-01-08T12:47:47.149097207+00:00,Billing,BIL-05,Completed,Synthetic Hospital EHR
PT-10048,Patient Exit,2026-01-08T18:48:19.227090149+00:00,Billing,FRONT-06,Completed,Synthetic Hospital EHR
PT-10049,Patient Registration,2026-01-05T21:44:00+00:00,OPD,REG-01,Completed,Synthetic Hospital EHR
PT-10049,Initial Assessment,2026-01-05T23:08:09.707485036+00:00,OPD,NUR-02,Completed,Synthetic Hospital EHR
PT-10049,Diagnostic Testing,2026-01-06T00:25:15.813100121+00:00,Diagnostics,LAB-03,Completed,Synthetic Hospital EHR
PT-10049,Clinical Review,2026-01-06T01:09:34.579872908+00:00,Clinical,DOC-04,Completed,Synthetic Hospital EHR
PT-10049,Discharge Processing,2026-01-06T01:57:55.274970649+00:00,Billing,BIL-05,Completed,Synthetic Hospital EHR
PT-10049,Patient Exit,2026-01-06T08:19:08.932494369+00:00,Billing,FRONT-06,Completed,Synthetic Hospital EHR
PT-10050,Patient Registration,2026-01-10T13:24:00+00:00,OPD,REG-01,Completed,Synthetic Hospital EHR
PT-10050,Initial Assessment,2026-01-10T14:06:28.203157355+00:00,OPD,NUR-02,Completed,Synthetic Hospital EHR
PT-10050,Diagnostic Testing,2026-01-10T17:28:29.642405293+00:00,Diagnostics,LAB-03,Completed,Synthetic Hospital EHR
PT-10050,Clinical Review,2026-01-11T00:43:44.414319424+00:00,Clinical,DOC-04,Completed,Synthetic Hospital EHR
PT-10050,Discharge Processing,2026-01-11T01:51:29.004261353+00:00,Billing,BIL-05,Completed,Synthetic Hospital EHR
PT-10050,Patient Exit,2026-01-11T02:33:36.141216327+00:00,Billing,FRONT-06,Completed,Synthetic Hospital EHR
PT-10051,Patient Registration,2026-01-15T03:14:00+00:00,OPD,REG-01,Completed,Synthetic Hospital EHR
PT-10051,Initial Assessment,2026-01-15T03:59:55.215725041+00:00,OPD,NUR-02,Completed,Synthetic Hospital EHR
PT-10051,Diagnostic Testing,2026-01-15T05:01:33.216763458+00:00,Diagnostics,LAB-03,Completed,Synthetic Hospital EHR
PT-10051,Clinical Review,2026-01-15T06:14:44.286795045+00:00,Clinical,DOC-04,Completed,Synthetic Hospital EHR
PT-10051,Discharge Processing,2026-01-15T07:30:43.955761702+00:00,Billing,BIL-05,Completed,Synthetic Hospital EHR
PT-10051,Patient Exit,2026-01-15T17:14:32.395925747+00:00,Billing,FRONT-06,Completed,Synthetic Hospital EHR
PT-10052,Patient Registration,2026-01-09T12:24:00+00:00,OPD,REG-01,Completed,Synthetic Hospital EHR
PT-10052,Initial Assessment,2026-01-09T13:42:20.831695756+00:00,OPD,NUR-02,Completed,Synthetic Hospital EHR
PT-10052,Diagnostic Testing,2026-01-09T16:58:26.312886839+00:00,Diagnostics,LAB-03,Completed,Synthetic Hospital EHR
PT-10052,Clinical Review,2026-01-09T17:42:20.693250551+00:00,Clinical,DOC-04,Completed,Synthetic Hospital EHR
PT-10052,Discharge Processing,2026-01-09T18:50:05.231491717+00:00,Billing,BIL-05,Completed,Synthetic Hospital EHR
PT-10052,Patient Exit,2026-01-10T02:12:20.268622404+00:00,Billing,FRONT-06,Completed,Synthetic Hospital EHR
PT-10053,Patient Registration,2026-01-11T02:43:00+00:00,OPD,REG-01,Completed,Synthetic Hospital EHR
PT-10053,Initial Assessment,2026-01-11T03:45:27.097325766+00:00,OPD,NUR-02,Completed,Synthetic Hospital EHR
PT-10053,Diagnostic Testing,2026-01-11T05:29:01.996140507+00:00,Diagnostics,LAB-03,Completed,Synthetic Hospital EHR
PT-10053,Clinical Review,2026-01-11T16:08:59.327156498+00:00,Clinical,DOC-04,Completed,Synthetic Hospital EHR
PT-10053,Discharge Processing,2026-01-11T17:18:32.258768646+00:00,Billing,BIL-05,Completed,Synthetic Hospital EHR
PT-10053,Patient Exit,2026-01-12T00:21:10.354738362+00:00,Billing,FRONT-06,Completed,Synthetic Hospital EHR
PT-10054,Patient Registration,2026-01-14T19:47:00+00:00,OPD,REG-01,Completed,Synthetic Hospital EHR
PT-10054,Initial Assessment,2026-01-14T20:32:22.601391571+00:00,OPD,NUR-02,Completed,Synthetic Hospital EHR
PT-10054,Diagnostic Testing,2026-01-14T21:37:44.103656723+00:00,Diagnostics,LAB-03,Completed,Synthetic Hospital EHR
PT-10054,Clinical Review,2026-01-15T07:28:25.369438670+00:00,Clinical,DOC-04,Completed,Synthetic Hospital EHR
PT-10054,Discharge Processing,2026-01-15T09:00:43.089461177+00:00,Billing,BIL-05,Completed,Synthetic Hospital EHR
PT-10054,Patient Exit,2026-01-15T16:50:26.983668951+00:00,Billing,FRONT-06,Completed,Synthetic Hospital EHR
PT-10055,Patient Registration,2026-01-11T05:11:00+00:00,OPD,REG-01,Completed,Synthetic Hospital EHR
PT-10055,Initial Assessment,2026-01-11T06:06:52.957814388+00:00,OPD,NUR-02,Completed,Synthetic Hospital EHR
PT-10055,Diagnostic Testing,2026-01-11T07:26:10.233129689+00:00,Diagnostics,LAB-03,Completed,Synthetic Hospital EHR
PT-10055,Clinical Review,2026-01-11T19:09:38.769124585+00:00,Clinical,DOC-04,Completed,Synthetic Hospital EHR
PT-10055,Discharge Processing,2026-01-11T20:40:58.452978875+00:00,Billing,BIL-05,Completed,Synthetic Hospital EHR
PT-10055,Patient Exit,2026-01-12T04:48:46.677635814+00:00,Billing,FRONT-06,Completed,Synthetic Hospital EHR
PT-10056,Patient Registration,2026-01-14T22:49:00+00:00,OPD,REG-01,Completed,Synthetic Hospital EHR
PT-10056,Initial Assessment,2026-01-15T00:14:51.240050075+00:00,OPD,NUR-02,Completed,Synthetic Hospital EHR
PT-10056,Diagnostic Testing,2026-01-15T01:31:56.504049204+00:00,Diagnostics,LAB-03,Completed,Synthetic Hospital EHR
PT-10056,Clinical Review,2026-01-15T02:37:09.582579863+00:00,Clinical,DOC-04,Completed,Synthetic Hospital EHR
PT-10056,Discharge Processing,2026-01-15T03:44:14.412402949+00:00,Billing,BIL-05,Completed,Synthetic Hospital EHR
PT-10056,Patient Exit,2026-01-15T04:36:15.105308274+00:00,Billing,FRONT-06,Completed,Synthetic Hospital EHR
PT-10057,Patient Registration,2026-01-10T11:03:00+00:00,OPD,REG-01,Completed,Synthetic Hospital EHR
PT-10057,Initial Assessment,2026-01-10T12:13:51.747838623+00:00,OPD,NUR-02,Completed,Synthetic Hospital EHR
PT-10057,Diagnostic Testing,2026-01-10T13:57:43.537135408+00:00,Diagnostics,LAB-03,Completed,Synthetic Hospital EHR
PT-10057,Clinical Review,2026-01-10T22:38:44.744155894+00:00,Clinical,DOC-04,Completed,Synthetic Hospital EHR
PT-10057,Discharge Processing,2026-01-10T23:57:09.509603748+00:00,Billing,BIL-05,Completed,Synthetic Hospital EHR
PT-10057,Patient Exit,2026-01-11T06:31:19.590260183+00:00,Billing,FRONT-06,Completed,Synthetic Hospital EHR
PT-10058,Patient Registration,2026-01-14T08:40:00+00:00,OPD,REG-01,Completed,Synthetic Hospital EHR
PT-10058,Initial Assessment,2026-01-14T09:16:28.531665706+00:00,OPD,NUR-02,Completed,Synthetic Hospital EHR
PT-10058,Diagnostic Testing,2026-01-14T10:04:22.113126972+00:00,Diagnostics,LAB-03,Completed,Synthetic Hospital EHR
PT-10058,Clinical Review,2026-01-14T17:59:40.151746681+00:00,Clinical,DOC-04,Completed,Synthetic Hospital EHR
PT-10058,Discharge Processing,2026-01-14T18:58:08.742517163+00:00,Billing,BIL-05,Completed,Synthetic Hospital EHR
PT-10058,Patient Exit,2026-01-15T01:47:37.291016571+00:00,Billing,FRONT-06,Completed,Synthetic Hospital EHR
PT-10059,Patient Registration,2026-01-05T11:31:00+00:00,OPD,REG-01,Completed,Synthetic Hospital EHR
PT-10059,Initial Assessment,2026-01-05T13:20:53.191980358+00:00,OPD,NUR-02,Completed,Synthetic Hospital EHR
PT-10059,Diagnostic Testing,2026-01-05T16:45:58.407122294+00:00,Diagnostics,LAB-03,Completed,Synthetic Hospital EHR
PT-10059,Clinical Review,2026-01-06T03:53:31.972184281+00:00,Clinical,DOC-04,Completed,Synthetic Hospital EHR
PT-10059,Discharge Processing,2026-01-06T04:40:54.929836325+00:00,Billing,BIL-05,Completed,Synthetic Hospital EHR
PT-10059,Patient Exit,2026-01-06T12:53:10.925258875+00:00,Billing,FRONT-06,Completed,Synthetic Hospital EHR
PT-10060,Patient Registration,2026-01-12T21:33:00+00:00,OPD,REG-01,Completed,Synthetic Hospital EHR
PT-10060,Initial Assessment,2026-01-12T22:43:54.662115201+00:00,OPD,NUR-02,Completed,Synthetic Hospital EHR
PT-10060,Diagnostic Testing,2026-01-13T02:37:42.030530632+00:00,Diagnostics,LAB-03,Completed,Synthetic Hospital EHR
PT-10060,Clinical Review,2026-01-13T04:12:02.909340292+00:00,Clinical,DOC-04,Completed,Synthetic Hospital EHR
PT-10060,Discharge Processing,2026-01-13T05:06:58.373893642+00:00,Billing,BIL-05,Completed,Synthetic Hospital EHR
PT-10060,Patient Exit,2026-01-13T06:46:17.724883812+00:00,Billing,FRONT-06,Completed,Synthetic Hospital EHR
PT-10061,Patient Registration,2026-01-10T14:01:00+00:00,OPD,REG-01,Completed,Synthetic Hospital EHR
PT-10061,Initial Assessment,2026-01-10T14:54:42.959115394+00:00,OPD,NUR-02,Completed,Synthetic Hospital EHR
PT-10061,Diagnostic Testing,2026-01-10T16:50:45.824408389+00:00,Diagnostics,LAB-03,Completed,Synthetic Hospital EHR
PT-10061,Clinical Review,2026-01-11T02:26:55.451398557+00:00,Clinical,DOC-04,Completed,Synthetic Hospital EHR
PT-10061,Discharge Processing,2026-01-11T04:10:26.091898453+00:00,Billing,BIL-05,Completed,Synthetic Hospital EHR
PT-10061,Patient Exit,2026-01-11T10:04:42.771638608+00:00,Billing,FRONT-06,Completed,Synthetic Hospital EHR
PT-10062,Patient Registration,2026-01-14T17:46:00+00:00,OPD,REG-01,Completed,Synthetic Hospital EHR
PT-10062,Initial Assessment,2026-01-14T18:26:33.897975799+00:00,OPD,NUR-02,Completed,Synthetic Hospital EHR
PT-10062,Diagnostic Testing,2026-01-14T19:57:22.279887035+00:00,Diagnostics,LAB-03,Completed,Synthetic Hospital EHR
PT-10062,Clinical Review,2026-01-15T06:28:29.495624154+00:00,Clinical,DOC-04,Completed,Synthetic Hospital EHR
PT-10062,Discharge Processing,2026-01-15T07:06:57.814381929+00:00,Billing,BIL-05,Completed,Synthetic Hospital EHR
PT-10062,Patient Exit,2026-01-15T13:20:03.828554931+00:00,Billing,FRONT-06,Completed,Synthetic Hospital EHR
PT-10063,Patient Registration,2026-01-05T18:42:00+00:00,OPD,REG-01,Completed,Synthetic Hospital EHR
PT-10063,Initial Assessment,2026-01-05T19:45:49.944532605+00:00,OPD,NUR-02,Completed,Synthetic Hospital EHR
PT-10063,Diagnostic Testing,2026-01-05T20:56:54.378298459+00:00,Diagnostics,LAB-03,Completed,Synthetic Hospital EHR
PT-10063,Clinical Review,2026-01-06T08:31:33.083509712+00:00,Clinical,DOC-04,Completed,Synthetic Hospital EHR
PT-10063,Discharge Processing,2026-01-06T09:45:12.163756368+00:00,Billing,BIL-05,Completed,Synthetic Hospital EHR
PT-10063,Patient Exit,2026-01-06T17:27:03.657591078+00:00,Billing,FRONT-06,Completed,Synthetic Hospital EHR
PT-10064,Patient Registration,2026-01-14T15:32:00+00:00,OPD,REG-01,Completed,Synthetic Hospital EHR
PT-10064,Initial Assessment,2026-01-14T16:40:57.398489530+00:00,OPD,NUR-02,Completed,Synthetic Hospital EHR
PT-10064,Diagnostic Testing,2026-01-14T18:02:55.894510702+00:00,Diagnostics,LAB-03,Completed,Synthetic Hospital EHR
PT-10064,Clinical Review,2026-01-14T19:08:13.143849154+00:00,Clinical,DOC-04,Completed,Synthetic Hospital EHR
PT-10064,Discharge Processing,2026-01-14T20:13:02.772617231+00:00,Billing,BIL-05,Completed,Synthetic Hospital EHR
PT-10064,Patient Exit,2026-01-15T05:28:07.709996237+00:00,Billing,FRONT-06,Completed,Synthetic Hospital EHR
PT-10065,Patient Registration,2026-01-13T18:40:00+00:00,OPD,REG-01,Completed,Synthetic Hospital EHR
PT-10065,Initial Assessment,2026-01-13T19:28:02.720646505+00:00,OPD,NUR-02,Completed,Synthetic Hospital EHR
PT-10065,Diagnostic Testing,2026-01-14T00:19:20.435947733+00:00,Diagnostics,LAB-03,Completed,Synthetic Hospital EHR
PT-10065,Clinical Review,2026-01-14T01:32:11.432013046+00:00,Clinical,DOC-04,Completed,Synthetic Hospital EHR
PT-10065,Discharge Processing,2026-01-14T02:29:59.857378973+00:00,Billing,BIL-05,Completed,Synthetic Hospital EHR
PT-10065,Patient Exit,2026-01-14T08:27:28.711552901+00:00,Billing,FRONT-06,Completed,Synthetic Hospital EHR
PT-10066,Patient Registration,2026-01-12T05:47:00+00:00,OPD,REG-01,Completed,Synthetic Hospital EHR
PT-10066,Initial Assessment,2026-01-12T06:49:53.214317585+00:00,OPD,NUR-02,Completed,Synthetic Hospital EHR
PT-10066,Diagnostic Testing,2026-01-12T07:38:27.542193604+00:00,Diagnostics,LAB-03,Completed,Synthetic Hospital EHR
PT-10066,Clinical Review,2026-01-12T16:18:32.819696181+00:00,Clinical,DOC-04,Completed,Synthetic Hospital EHR
PT-10066,Discharge Processing,2026-01-12T17:14:26.843728570+00:00,Billing,BIL-05,Completed,Synthetic Hospital EHR
PT-10066,Patient Exit,2026-01-13T03:08:59.350784335+00:00,Billing,FRONT-06,Completed,Synthetic Hospital EHR
PT-10067,Patient Registration,2026-01-09T19:34:00+00:00,OPD,REG-01,Completed,Synthetic Hospital EHR
PT-10067,Initial Assessment,2026-01-09T20:55:58.095399959+00:00,OPD,NUR-02,Completed,Synthetic Hospital EHR
PT-10067,Diagnostic Testing,2026-01-10T01:23:51.472621514+00:00,Diagnostics,LAB-03,Completed,Synthetic Hospital EHR
PT-10067,Clinical Review,2026-01-10T02:42:05.978029700+00:00,Clinical,DOC-04,Completed,Synthetic Hospital EHR
PT-10067,Discharge Processing,2026-01-10T03:34:31.555882401+00:00,Billing,BIL-05,Completed,Synthetic Hospital EHR
PT-10067,Patient Exit,2026-01-10T05:05:12.121923101+00:00,Billing,FRONT-06,Completed,Synthetic Hospital EHR
PT-10068,Patient Registration,2026-01-13T10:12:00+00:00,OPD,REG-01,Completed,Synthetic Hospital EHR
PT-10068,Initial Assessment,2026-01-13T11:00:39.954384585+00:00,OPD,NUR-02,Completed,Synthetic Hospital EHR
PT-10068,Diagnostic Testing,2026-01-13T12:21:09.304501601+00:00,Diagnostics,LAB-03,Completed,Synthetic Hospital EHR
PT-10068,Clinical Review,2026-01-13T13:55:13.785594754+00:00,Clinical,DOC-04,Completed,Synthetic Hospital EHR
PT-10068,Discharge Processing,2026-01-13T15:09:43.585107415+00:00,Billing,BIL-05,Completed,Synthetic Hospital EHR
PT-10068,Patient Exit,2026-01-13T16:32:13.515966743+00:00,Billing,FRONT-06,Completed,Synthetic Hospital EHR
PT-10069,Patient Registration,2026-01-09T17:37:00+00:00,OPD,REG-01,Completed,Synthetic Hospital EHR
PT-10069,Initial Assessment,2026-01-09T18:16:42.127648807+00:00,OPD,NUR-02,Completed,Synthetic Hospital EHR
PT-10069,Diagnostic Testing,2026-01-09T19:07:46.236063759+00:00,Diagnostics,LAB-03,Completed,Synthetic Hospital EHR
PT-10069,Clinical Review,2026-01-10T05:04:03.750487004+00:00,Clinical,DOC-04,Completed,Synthetic Hospital EHR
PT-10069,Discharge Processing,2026-01-10T06:29:49.828363905+00:00,Billing,BIL-05,Completed,Synthetic Hospital EHR
PT-10069,Patient Exit,2026-01-10T16:23:12.333987234+00:00,Billing,FRONT-06,Completed,Synthetic Hospital EHR
PT-10070,Patient Registration,2026-01-06T01:46:00+00:00,OPD,REG-01,Completed,Synthetic Hospital EHR
PT-10070,Initial Assessment,2026-01-06T03:08:30.782523774+00:00,OPD,NUR-02,Completed,Synthetic Hospital EHR
PT-10070,Diagnostic Testing,2026-01-06T06:21:37.615019798+00:00,Diagnostics,LAB-03,Completed,Synthetic Hospital EHR
PT-10070,Clinical Review,2026-01-06T07:52:06.541021789+00:00,Clinical,DOC-04,Completed,Synthetic Hospital EHR
PT-10070,Discharge Processing,2026-01-06T09:16:49.106481523+00:00,Billing,BIL-05,Completed,Synthetic Hospital EHR
PT-10070,Patient Exit,2026-01-06T16:08:37.748625044+00:00,Billing,FRONT-06,Completed,Synthetic Hospital EHR
PT-10071,Patient Registration,2026-01-13T06:29:00+00:00,OPD,REG-01,Completed,Synthetic Hospital EHR
PT-10071,Initial Assessment,2026-01-13T07:32:38.099834581+00:00,OPD,NUR-02,Completed,Synthetic Hospital EHR
PT-10071,Diagnostic Testing,2026-01-13T08:21:33.832539816+00:00,Diagnostics,LAB-03,Completed,Synthetic Hospital EHR
PT-10071,Clinical Review,2026-01-13T20:33:07.693977818+00:00,Clinical,DOC-04,Completed,Synthetic Hospital EHR
PT-10071,Discharge Processing,2026-01-13T21:23:55.511788757+00:00,Billing,BIL-05,Completed,Synthetic Hospital EHR
PT-10071,Patient Exit,2026-01-13T21:57:21.159370014+00:00,Billing,FRONT-06,Completed,Synthetic Hospital EHR
PT-10072,Patient Registration,2026-01-06T08:27:00+00:00,OPD,REG-01,Completed,Synthetic Hospital EHR
PT-10072,Initial Assessment,2026-01-06T09:20:44.476914601+00:00,OPD,NUR-02,Completed,Synthetic Hospital EHR
PT-10072,Diagnostic Testing,2026-01-06T10:36:28.031704154+00:00,Diagnostics,LAB-03,Completed,Synthetic Hospital EHR
PT-10072,Clinical Review,2026-01-06T21:40:17.439530424+00:00,Clinical,DOC-04,Completed,Synthetic Hospital EHR
PT-10072,Discharge Processing,2026-01-06T22:59:02.444433528+00:00,Billing,BIL-05,Completed,Synthetic Hospital EHR
PT-10072,Patient Exit,2026-01-07T08:27:43.872298434+00:00,Billing,FRONT-06,Completed,Synthetic Hospital EHR
PT-10073,Patient Registration,2026-01-11T13:15:00+00:00,OPD,REG-01,Completed,Synthetic Hospital EHR
PT-10073,Initial Assessment,2026-01-11T14:01:15.379049636+00:00,OPD,NUR-02,Completed,Synthetic Hospital EHR
PT-10073,Diagnostic Testing,2026-01-11T14:37:37.382126447+00:00,Diagnostics,LAB-03,Completed,Synthetic Hospital EHR
PT-10073,Clinical Review,2026-01-12T02:44:49.627023158+00:00,Clinical,DOC-04,Completed,Synthetic Hospital EHR
PT-10073,Discharge Processing,2026-01-12T03:48:04.941254878+00:00,Billing,BIL-05,Completed,Synthetic Hospital EHR
PT-10073,Patient Exit,2026-01-12T10:47:09.862474339+00:00,Billing,FRONT-06,Completed,Synthetic Hospital EHR
PT-10074,Patient Registration,2026-01-10T19:55:00+00:00,OPD,REG-01,Completed,Synthetic Hospital EHR
PT-10074,Initial Assessment,2026-01-10T20:40:25.322677814+00:00,OPD,NUR-02,Completed,Synthetic Hospital EHR
PT-10074,Diagnostic Testing,2026-01-10T22:09:39.867712884+00:00,Diagnostics,LAB-03,Completed,Synthetic Hospital EHR
PT-10074,Clinical Review,2026-01-11T09:28:00.873301941+00:00,Clinical,DOC-04,Completed,Synthetic Hospital EHR
PT-10074,Discharge Processing,2026-01-11T10:51:23.102777744+00:00,Billing,BIL-05,Completed,Synthetic Hospital EHR
PT-10074,Patient Exit,2026-01-11T11:42:07.823417190+00:00,Billing,FRONT-06,Completed,Synthetic Hospital EHR
PT-10075,Patient Registration,2026-01-14T04:46:00+00:00,OPD,REG-01,Completed,Synthetic Hospital EHR
PT-10075,Initial Assessment,2026-01-14T05:43:54.439051161+00:00,OPD,NUR-02,Completed,Synthetic Hospital EHR
PT-10075,Diagnostic Testing,2026-01-14T07:14:06.632352626+00:00,Diagnostics,LAB-03,Completed,Synthetic Hospital EHR
PT-10075,Clinical Review,2026-01-14T08:31:09.803989060+00:00,Clinical,DOC-04,Completed,Synthetic Hospital EHR
PT-10075,Discharge Processing,2026-01-14T09:16:34.662826264+00:00,Billing,BIL-05,Completed,Synthetic Hospital EHR
PT-10075,Patient Exit,2026-01-14T18:51:10.040511403+00:00,Billing,FRONT-06,Completed,Synthetic Hospital EHR
PT-10076,Patient Registration,2026-01-08T18:34:00+00:00,OPD,REG-01,Completed,Synthetic Hospital EHR
PT-10076,Initial Assessment,2026-01-08T20:05:02.495563469+00:00,OPD,NUR-02,Completed,Synthetic Hospital EHR
PT-10076,Diagnostic Testing,2026-01-08T20:58:54.023877093+00:00,Diagnostics,LAB-03,Completed,Synthetic Hospital EHR
PT-10076,Clinical Review,2026-01-09T04:05:15.669546691+00:00,Clinical,DOC-04,Completed,Synthetic Hospital EHR
PT-10076,Discharge Processing,2026-01-09T05:01:35.490424376+00:00,Billing,BIL-05,Completed,Synthetic Hospital EHR
PT-10076,Patient Exit,2026-01-09T11:44:34.754747196+00:00,Billing,FRONT-06,Completed,Synthetic Hospital EHR
PT-10077,Patient Registration,2026-01-06T16:14:00+00:00,OPD,REG-01,Completed,Synthetic Hospital EHR
PT-10077,Initial Assessment,2026-01-06T16:53:18.305100263+00:00,OPD,NUR-02,Completed,Synthetic Hospital EHR
PT-10077,Diagnostic Testing,2026-01-06T18:07:54.657636669+00:00,Diagnostics,LAB-03,Completed,Synthetic Hospital EHR
PT-10077,Clinical Review,2026-01-07T02:50:20.740539084+00:00,Clinical,DOC-04,Completed,Synthetic Hospital EHR
PT-10077,Discharge Processing,2026-01-07T03:58:55.941145034+00:00,Billing,BIL-05,Completed,Synthetic Hospital EHR
PT-10077,Patient Exit,2026-01-07T10:36:32.110294334+00:00,Billing,FRONT-06,Completed,Synthetic Hospital EHR
PT-10078,Patient Registration,2026-01-08T09:26:00+00:00,OPD,REG-01,Completed,Synthetic Hospital EHR
PT-10078,Initial Assessment,2026-01-08T09:57:36.002571307+00:00,OPD,NUR-02,Completed,Synthetic Hospital EHR
PT-10078,Diagnostic Testing,2026-01-08T11:32:30.672332727+00:00,Diagnostics,LAB-03,Completed,Synthetic Hospital EHR
PT-10078,Clinical Review,2026-01-08T20:20:17.351429447+00:00,Clinical,DOC-04,Completed,Synthetic Hospital EHR
PT-10078,Discharge Processing,2026-01-08T21:10:39.224836512+00:00,Billing,BIL-05,Completed,Synthetic Hospital EHR
PT-10078,Patient Exit,2026-01-09T02:57:17.172990013+00:00,Billing,FRONT-06,Completed,Synthetic Hospital EHR
PT-10079,Patient Registration,2026-01-10T15:05:00+00:00,OPD,REG-01,Completed,Synthetic Hospital EHR
PT-10079,Initial Assessment,2026-01-10T16:11:03.825622892+00:00,OPD,NUR-02,Completed,Synthetic Hospital EHR
PT-10079,Diagnostic Testing,2026-01-10T17:36:08.384185966+00:00,Diagnostics,LAB-03,Completed,Synthetic Hospital EHR
PT-10079,Clinical Review,2026-01-10T18:58:10.150979718+00:00,Clinical,DOC-04,Completed,Synthetic Hospital EHR
PT-10079,Discharge Processing,2026-01-10T20:24:01.602337869+00:00,Billing,BIL-05,Completed,Synthetic Hospital EHR
PT-10079,Patient Exit,2026-01-11T06:22:26.233818699+00:00,Billing,FRONT-06,Completed,Synthetic Hospital EHR
PT-10080,Patient Registration,2026-01-07T21:21:00+00:00,OPD,REG-01,Completed,Synthetic Hospital EHR
PT-10080,Initial Assessment,2026-01-07T22:13:56.317805564+00:00,OPD,NUR-02,Completed,Synthetic Hospital EHR
PT-10080,Diagnostic Testing,2026-01-07T23:19:45.289264619+00:00,Diagnostics,LAB-03,Completed,Synthetic Hospital EHR
PT-10080,Clinical Review,2026-01-08T09:42:08.177113350+00:00,Clinical,DOC-04,Completed,Synthetic Hospital EHR
PT-10080,Discharge Processing,2026-01-08T11:23:56.658125116+00:00,Billing,BIL-05,Completed,Synthetic Hospital EHR
PT-10080,Patient Exit,2026-01-08T21:10:32.947832496+00:00,Billing,FRONT-06,Completed,Synthetic Hospital EHR
PT-10081,Patient Registration,2026-01-13T11:30:00+00:00,OPD,REG-01,Completed,Synthetic Hospital EHR
PT-10081,Initial Assessment,2026-01-13T12:26:25.472457428+00:00,OPD,NUR-02,Completed,Synthetic Hospital EHR
PT-10081,Diagnostic Testing,2026-01-13T14:06:13.089394332+00:00,Diagnostics,LAB-03,Completed,Synthetic Hospital EHR
PT-10081,Clinical Review,2026-01-13T14:47:23.899057200+00:00,Clinical,DOC-04,Completed,Synthetic Hospital EHR
PT-10081,Discharge Processing,2026-01-13T15:44:57.717595972+00:00,Billing,BIL-05,Completed,Synthetic Hospital EHR
PT-10081,Patient Exit,2026-01-13T21:04:37.265406502+00:00,Billing,FRONT-06,Completed,Synthetic Hospital EHR
PT-10082,Patient Registration,2026-01-07T23:19:00+00:00,OPD,REG-01,Completed,Synthetic Hospital EHR
PT-10082,Initial Assessment,2026-01-08T00:38:14.898350502+00:00,OPD,NUR-02,Completed,Synthetic Hospital EHR
PT-10082,Diagnostic Testing,2026-01-08T01:47:55.934930417+00:00,Diagnostics,LAB-03,Completed,Synthetic Hospital EHR
PT-10082,Clinical Review,2026-01-08T11:06:21.229494999+00:00,Clinical,DOC-04,Completed,Synthetic Hospital EHR
PT-10082,Discharge Processing,2026-01-08T12:37:20.842617980+00:00,Billing,BIL-05,Completed,Synthetic Hospital EHR
PT-10082,Patient Exit,2026-01-08T13:21:50.328892384+00:00,Billing,FRONT-06,Completed,Synthetic Hospital EHR
PT-10083,Patient Registration,2026-01-10T11:51:00+00:00,OPD,REG-01,Completed,Synthetic Hospital EHR
PT-10083,Initial Assessment,2026-01-10T12:47:46.038264202+00:00,OPD,NUR-02,Completed,Synthetic Hospital EHR
PT-10083,Diagnostic Testing,2026-01-10T14:18:50.812467967+00:00,Diagnostics,LAB-03,Completed,Synthetic Hospital EHR
PT-10083,Clinical Review,2026-01-10T21:59:11.532481538+00:00,Clinical,DOC-04,Completed,Synthetic Hospital EHR
PT-10083,Discharge Processing,2026-01-10T22:53:13.936373870+00:00,Billing,BIL-05,Completed,Synthetic Hospital EHR
PT-10083,Patient Exit,2026-01-11T06:25:40.948778501+00:00,Billing,FRONT-06,Completed,Synthetic Hospital EHR
PT-10084,Patient Registration,2026-01-05T15:01:00+00:00,OPD,REG-01,Completed,Synthetic Hospital EHR
PT-10084,Initial Assessment,2026-01-05T16:12:13.234797626+00:00,OPD,NUR-02,Completed,Synthetic Hospital EHR
PT-10084,Diagnostic Testing,2026-01-05T17:19:43.537752975+00:00,Diagnostics,LAB-03,Completed,Synthetic Hospital EHR
PT-10084,Clinical Review,2026-01-05T18:10:20.792509269+00:00,Clinical,DOC-04,Completed,Synthetic Hospital EHR
PT-10084,Discharge Processing,2026-01-05T19:43:09.089383981+00:00,Billing,BIL-05,Completed,Synthetic Hospital EHR
PT-10084,Patient Exit,2026-01-06T03:07:06.630593900+00:00,Billing,FRONT-06,Completed,Synthetic Hospital EHR
PT-10085,Patient Registration,2026-01-08T15:56:00+00:00,OPD,REG-01,Completed,Synthetic Hospital EHR
PT-10085,Initial Assessment,2026-01-08T17:22:27.379011197+00:00,OPD,NUR-02,Completed,Synthetic Hospital EHR
PT-10085,Diagnostic Testing,2026-01-08T20:39:02.457686994+00:00,Diagnostics,LAB-03,Completed,Synthetic Hospital EHR
PT-10085,Clinical Review,2026-01-08T21:16:57.307130443+00:00,Clinical,DOC-04,Completed,Synthetic Hospital EHR
PT-10085,Discharge Processing,2026-01-08T22:09:51.967182746+00:00,Billing,BIL-05,Completed,Synthetic Hospital EHR
PT-10085,Patient Exit,2026-01-08T22:50:23.874031287+00:00,Billing,FRONT-06,Completed,Synthetic Hospital EHR
PT-10086,Patient Registration,2026-01-05T12:56:00+00:00,OPD,REG-01,Completed,Synthetic Hospital EHR
PT-10086,Initial Assessment,2026-01-05T13:58:25.157292251+00:00,OPD,NUR-02,Completed,Synthetic Hospital EHR
PT-10086,Diagnostic Testing,2026-01-05T15:33:07.750126632+00:00,Diagnostics,LAB-03,Completed,Synthetic Hospital EHR
PT-10086,Clinical Review,2026-01-05T23:12:57.346625975+00:00,Clinical,DOC-04,Completed,Synthetic Hospital EHR
PT-10086,Discharge Processing,2026-01-05T23:52:52.069194685+00:00,Billing,BIL-05,Completed,Synthetic Hospital EHR
PT-10086,Patient Exit,2026-01-06T07:43:37.886102437+00:00,Billing,FRONT-06,Completed,Synthetic Hospital EHR
PT-10087,Patient Registration,2026-01-14T12:31:00+00:00,OPD,REG-01,Completed,Synthetic Hospital EHR
PT-10087,Initial Assessment,2026-01-14T13:08:41.379428831+00:00,OPD,NUR-02,Completed,Synthetic Hospital EHR
PT-10087,Diagnostic Testing,2026-01-14T14:25:57.082352347+00:00,Diagnostics,LAB-03,Completed,Synthetic Hospital EHR
PT-10087,Clinical Review,2026-01-14T15:38:05.911063484+00:00,Clinical,DOC-04,Completed,Synthetic Hospital EHR
PT-10087,Discharge Processing,2026-01-14T16:57:44.565070285+00:00,Billing,BIL-05,Completed,Synthetic Hospital EHR
PT-10087,Patient Exit,2026-01-14T18:27:37.629545805+00:00,Billing,FRONT-06,Completed,Synthetic Hospital EHR
PT-10088,Patient Registration,2026-01-07T19:38:00+00:00,OPD,REG-01,Completed,Synthetic Hospital EHR
PT-10088,Initial Assessment,2026-01-07T20:24:33.141279285+00:00,OPD,NUR-02,Completed,Synthetic Hospital EHR
PT-10088,Diagnostic Testing,2026-01-07T22:43:13.489372088+00:00,Diagnostics,LAB-03,Completed,Synthetic Hospital EHR
PT-10088,Clinical Review,2026-01-07T23:39:55.019255189+00:00,Clinical,DOC-04,Completed,Synthetic Hospital EHR
PT-10088,Discharge Processing,2026-01-08T00:35:31.351007995+00:00,Billing,BIL-05,Completed,Synthetic Hospital EHR
PT-10088,Patient Exit,2026-01-08T09:35:17.194408341+00:00,Billing,FRONT-06,Completed,Synthetic Hospital EHR
PT-10089,Patient Registration,2026-01-14T12:30:00+00:00,OPD,REG-01,Completed,Synthetic Hospital EHR
PT-10089,Initial Assessment,2026-01-14T13:52:00.204832320+00:00,OPD,NUR-02,Completed,Synthetic Hospital EHR
PT-10089,Diagnostic Testing,2026-01-14T18:19:01.524742446+00:00,Diagnostics,LAB-03,Completed,Synthetic Hospital EHR
PT-10089,Clinical Review,2026-01-15T01:47:08.666032981+00:00,Clinical,DOC-04,Completed,Synthetic Hospital EHR
PT-10089,Discharge Processing,2026-01-15T03:03:22.182502987+00:00,Billing,BIL-05,Completed,Synthetic Hospital EHR
PT-10089,Patient Exit,2026-01-15T08:09:04.797163701+00:00,Billing,FRONT-06,Completed,Synthetic Hospital EHR
PT-10090,Patient Registration,2026-01-13T18:51:00+00:00,OPD,REG-01,Completed,Synthetic Hospital EHR
PT-10090,Initial Assessment,2026-01-13T20:23:26.586428937+00:00,OPD,NUR-02,Completed,Synthetic Hospital EHR
PT-10090,Diagnostic Testing,2026-01-14T00:24:19.093880327+00:00,Diagnostics,LAB-03,Completed,Synthetic Hospital EHR
PT-10090,Clinical Review,2026-01-14T01:34:56.883853229+00:00,Clinical,DOC-04,Completed,Synthetic Hospital EHR
PT-10090,Discharge Processing,2026-01-14T02:45:09.558779917+00:00,Billing,BIL-05,Completed,Synthetic Hospital EHR
PT-10090,Patient Exit,2026-01-14T11:13:05.276464651+00:00,Billing,FRONT-06,Completed,Synthetic Hospital EHR
PT-10091,Patient Registration,2026-01-12T09:56:00+00:00,OPD,REG-01,Completed,Synthetic Hospital EHR
PT-10091,Initial Assessment,2026-01-12T10:39:19.374440454+00:00,OPD,NUR-02,Completed,Synthetic Hospital EHR
PT-10091,Diagnostic Testing,2026-01-12T11:53:10.786414167+00:00,Diagnostics,LAB-03,Completed,Synthetic Hospital EHR
PT-10091,Clinical Review,2026-01-13T00:50:41.413383865+00:00,Clinical,DOC-04,Completed,Synthetic Hospital EHR
PT-10091,Discharge Processing,2026-01-13T02:18:13.565173990+00:00,Billing,BIL-05,Completed,Synthetic Hospital EHR
PT-10091,Patient Exit,2026-01-13T11:47:25.004769563+00:00,Billing,FRONT-06,Completed,Synthetic Hospital EHR
PT-10092,Patient Registration,2026-01-09T11:36:00+00:00,OPD,REG-01,Completed,Synthetic Hospital EHR
PT-10092,Initial Assessment,2026-01-09T12:21:46.499100011+00:00,OPD,NUR-02,Completed,Synthetic Hospital EHR
PT-10092,Diagnostic Testing,2026-01-09T16:33:15.638277748+00:00,Diagnostics,LAB-03,Completed,Synthetic Hospital EHR
PT-10092,Clinical Review,2026-01-10T03:07:18.298629790+00:00,Clinical,DOC-04,Completed,Synthetic Hospital EHR
PT-10092,Discharge Processing,2026-01-10T04:26:50.892659983+00:00,Billing,BIL-05,Completed,Synthetic Hospital EHR
PT-10092,Patient Exit,2026-01-10T13:37:43.305843149+00:00,Billing,FRONT-06,Completed,Synthetic Hospital EHR
PT-10093,Patient Registration,2026-01-10T16:41:00+00:00,OPD,REG-01,Completed,Synthetic Hospital EHR
PT-10093,Initial Assessment,2026-01-10T17:59:11.440978665+00:00,OPD,NUR-02,Completed,Synthetic Hospital EHR
PT-10093,Diagnostic Testing,2026-01-10T19:41:13.071276852+00:00,Diagnostics,LAB-03,Completed,Synthetic Hospital EHR
PT-10093,Clinical Review,2026-01-11T06:21:05.706154737+00:00,Clinical,DOC-04,Completed,Synthetic Hospital EHR
PT-10093,Discharge Processing,2026-01-11T07:14:28.936611903+00:00,Billing,BIL-05,Completed,Synthetic Hospital EHR
PT-10093,Patient Exit,2026-01-11T15:37:46.110356699+00:00,Billing,FRONT-06,Completed,Synthetic Hospital EHR
PT-10094,Patient Registration,2026-01-12T23:08:00+00:00,OPD,REG-01,Completed,Synthetic Hospital EHR
PT-10094,Initial Assessment,2026-01-13T00:06:02.939709601+00:00,OPD,NUR-02,Completed,Synthetic Hospital EHR
PT-10094,Diagnostic Testing,2026-01-13T00:57:41.122159673+00:00,Diagnostics,LAB-03,Completed,Synthetic Hospital EHR
PT-10094,Clinical Review,2026-01-13T11:02:56.116080400+00:00,Clinical,DOC-04,Completed,Synthetic Hospital EHR
PT-10094,Discharge Processing,2026-01-13T12:09:29.199478513+00:00,Billing,BIL-05,Completed,Synthetic Hospital EHR
PT-10094,Patient Exit,2026-01-13T13:15:54.165760106+00:00,Billing,FRONT-06,Completed,Synthetic Hospital EHR
PT-10095,Patient Registration,2026-01-11T00:03:00+00:00,OPD,REG-01,Completed,Synthetic Hospital EHR
PT-10095,Initial Assessment,2026-01-11T00:54:16.883778338+00:00,OPD,NUR-02,Completed,Synthetic Hospital EHR
PT-10095,Diagnostic Testing,2026-01-11T05:37:21.560374353+00:00,Diagnostics,LAB-03,Completed,Synthetic Hospital EHR
PT-10095,Clinical Review,2026-01-11T16:43:05.322895672+00:00,Clinical,DOC-04,Completed,Synthetic Hospital EHR
PT-10095,Discharge Processing,2026-01-11T17:58:02.210576467+00:00,Billing,BIL-05,Completed,Synthetic Hospital EHR
PT-10095,Patient Exit,2026-01-11T18:40:31.665976118+00:00,Billing,FRONT-06,Completed,Synthetic Hospital EHR
PT-10096,Patient Registration,2026-01-15T04:02:00+00:00,OPD,REG-01,Completed,Synthetic Hospital EHR
PT-10096,Initial Assessment,2026-01-15T04:46:52.348785988+00:00,OPD,NUR-02,Completed,Synthetic Hospital EHR
PT-10096,Diagnostic Testing,2026-01-15T05:26:37.067224130+00:00,Diagnostics,LAB-03,Completed,Synthetic Hospital EHR
PT-10096,Clinical Review,2026-01-15T17:42:49.767074443+00:00,Clinical,DOC-04,Completed,Synthetic Hospital EHR
PT-10096,Discharge Processing,2026-01-15T18:53:22.355999238+00:00,Billing,BIL-05,Completed,Synthetic Hospital EHR
PT-10096,Patient Exit,2026-01-16T03:35:53.251388593+00:00,Billing,FRONT-06,Completed,Synthetic Hospital EHR
PT-10097,Patient Registration,2026-01-14T11:01:00+00:00,OPD,REG-01,Completed,Synthetic Hospital EHR
PT-10097,Initial Assessment,2026-01-14T12:07:14.572972643+00:00,OPD,NUR-02,Completed,Synthetic Hospital EHR
PT-10097,Diagnostic Testing,2026-01-14T14:07:03.262251480+00:00,Diagnostics,LAB-03,Completed,Synthetic Hospital EHR
PT-10097,Clinical Review,2026-01-15T02:32:29.085334445+00:00,Clinical,DOC-04,Completed,Synthetic Hospital EHR
PT-10097,Discharge Processing,2026-01-15T03:30:28.491182812+00:00,Billing,BIL-05,Completed,Synthetic Hospital EHR
PT-10097,Patient Exit,2026-01-15T04:07:27.913586887+00:00,Billing,FRONT-06,Completed,Synthetic Hospital EHR
PT-10098,Patient Registration,2026-01-09T15:26:00+00:00,OPD,REG-01,Completed,Synthetic Hospital EHR
PT-10098,Initial Assessment,2026-01-09T16:21:10.002812882+00:00,OPD,NUR-02,Completed,Synthetic Hospital EHR
PT-10098,Diagnostic Testing,2026-01-09T18:33:59.293260970+00:00,Diagnostics,LAB-03,Completed,Synthetic Hospital EHR
PT-10098,Clinical Review,2026-01-10T05:52:56.443988691+00:00,Clinical,DOC-04,Completed,Synthetic Hospital EHR
PT-10098,Discharge Processing,2026-01-10T07:01:19.614059169+00:00,Billing,BIL-05,Completed,Synthetic Hospital EHR
PT-10098,Patient Exit,2026-01-10T13:37:03.998853962+00:00,Billing,FRONT-06,Completed,Synthetic Hospital EHR
PT-10099,Patient Registration,2026-01-12T18:27:00+00:00,OPD,REG-01,Completed,Synthetic Hospital EHR
PT-10099,Initial Assessment,2026-01-12T19:41:13.789198674+00:00,OPD,NUR-02,Completed,Synthetic Hospital EHR
PT-10099,Diagnostic Testing,2026-01-12T20:41:53.477468380+00:00,Diagnostics,LAB-03,Completed,Synthetic Hospital EHR
PT-10099,Clinical Review,2026-01-13T09:18:37.715051016+00:00,Clinical,DOC-04,Completed,Synthetic Hospital EHR
PT-10099,Discharge Processing,2026-01-13T10:20:33.711924421+00:00,Billing,BIL-05,Completed,Synthetic Hospital EHR
PT-10099,Patient Exit,2026-01-13T17:13:43.419616315+00:00,Billing,FRONT-06,Completed,Synthetic Hospital EHR
PT-10100,Patient Registration,2026-01-13T00:32:00+00:00,OPD,REG-01,Completed,Synthetic Hospital EHR
PT-10100,Initial Assessment,2026-01-13T01:37:16.034862130+00:00,OPD,NUR-02,Completed,Synthetic Hospital EHR
PT-10100,Diagnostic Testing,2026-01-13T03:02:27.914470487+00:00,Diagnostics,LAB-03,Completed,Synthetic Hospital EHR
PT-10100,Clinical Review,2026-01-13T15:46:13.719734572+00:00,Clinical,DOC-04,Completed,Synthetic Hospital EHR
PT-10100,Discharge Processing,2026-01-13T16:40:59.419574536+00:00,Billing,BIL-05,Completed,Synthetic Hospital EHR
PT-10100,Patient Exit,2026-01-14T01:27:02.501708540+00:00,Billing,FRONT-06,Completed,Synthetic Hospital EHR
PT-10101,Patient Registration,2026-01-06T15:27:00+00:00,OPD,REG-01,Completed,Synthetic Hospital EHR
PT-10101,Initial Assessment,2026-01-06T16:17:26.955425571+00:00,OPD,NUR-02,Completed,Synthetic Hospital EHR
PT-10101,Diagnostic Testing,2026-01-06T17:53:41.081720706+00:00,Diagnostics,LAB-03,Completed,Synthetic Hospital EHR
PT-10101,Clinical Review,2026-01-07T04:01:36.547430222+00:00,Clinical,DOC-04,Completed,Synthetic Hospital EHR
PT-10101,Discharge Processing,2026-01-07T05:02:05.216710299+00:00,Billing,BIL-05,Completed,Synthetic Hospital EHR
PT-10101,Patient Exit,2026-01-07T10:15:38.332816108+00:00,Billing,FRONT-06,Completed,Synthetic Hospital EHR
PT-10102,Patient Registration,2026-01-06T05:33:00+00:00,OPD,REG-01,Completed,Synthetic Hospital EHR
PT-10102,Initial Assessment,2026-01-06T06:33:57.151031288+00:00,OPD,NUR-02,Completed,Synthetic Hospital EHR
PT-10102,Diagnostic Testing,2026-01-06T07:16:28.171647591+00:00,Diagnostics,LAB-03,Completed,Synthetic Hospital EHR
PT-10102,Clinical Review,2026-01-06T15:47:20.795523462+00:00,Clinical,DOC-04,Completed,Synthetic Hospital EHR
PT-10102,Discharge Processing,2026-01-06T16:53:35.071931582+00:00,Billing,BIL-05,Completed,Synthetic Hospital EHR
PT-10102,Patient Exit,2026-01-06T18:24:57.257280093+00:00,Billing,FRONT-06,Completed,Synthetic Hospital EHR
PT-10103,Patient Registration,2026-01-14T22:14:00+00:00,OPD,REG-01,Completed,Synthetic Hospital EHR
PT-10103,Initial Assessment,2026-01-14T23:30:02.388352499+00:00,OPD,NUR-02,Completed,Synthetic Hospital EHR
PT-10103,Diagnostic Testing,2026-01-15T04:11:32.126448674+00:00,Diagnostics,LAB-03,Completed,Synthetic Hospital EHR
PT-10103,Clinical Review,2026-01-15T04:50:50.686154484+00:00,Clinical,DOC-04,Completed,Synthetic Hospital EHR
PT-10103,Discharge Processing,2026-01-15T06:06:05.273074416+00:00,Billing,BIL-05,Completed,Synthetic Hospital EHR
PT-10103,Patient Exit,2026-01-15T13:51:57.441647576+00:00,Billing,FRONT-06,Completed,Synthetic Hospital EHR
PT-10104,Patient Registration,2026-01-12T18:18:00+00:00,OPD,REG-01,Completed,Synthetic Hospital EHR
PT-10104,Initial Assessment,2026-01-12T19:10:11.467121316+00:00,OPD,NUR-02,Completed,Synthetic Hospital EHR
PT-10104,Diagnostic Testing,2026-01-12T20:16:32.577653650+00:00,Diagnostics,LAB-03,Completed,Synthetic Hospital EHR
PT-10104,Clinical Review,2026-01-13T04:14:15.317393266+00:00,Clinical,DOC-04,Completed,Synthetic Hospital EHR
PT-10104,Discharge Processing,2026-01-13T05:45:15.157080018+00:00,Billing,BIL-05,Completed,Synthetic Hospital EHR
PT-10104,Patient Exit,2026-01-13T14:25:47.486775371+00:00,Billing,FRONT-06,Completed,Synthetic Hospital EHR
PT-10105,Patient Registration,2026-01-11T12:01:00+00:00,OPD,REG-01,Completed,Synthetic Hospital EHR
PT-10105,Initial Assessment,2026-01-11T12:41:52.292565343+00:00,OPD,NUR-02,Completed,Synthetic Hospital EHR
PT-10105,Diagnostic Testing,2026-01-11T14:06:10.362164531+00:00,Diagnostics,LAB-03,Completed,Synthetic Hospital EHR
PT-10105,Clinical Review,2026-01-12T01:44:13.186698301+00:00,Clinical,DOC-04,Completed,Synthetic Hospital EHR
PT-10105,Discharge Processing,2026-01-12T03:28:20.512822485+00:00,Billing,BIL-05,Completed,Synthetic Hospital EHR
PT-10105,Patient Exit,2026-01-12T04:06:47.265239748+00:00,Billing,FRONT-06,Completed,Synthetic Hospital EHR
PT-10106,Patient Registration,2026-01-12T14:24:00+00:00,OPD,REG-01,Completed,Synthetic Hospital EHR
PT-10106,Initial Assessment,2026-01-12T15:25:03.480825631+00:00,OPD,NUR-02,Completed,Synthetic Hospital EHR
PT-10106,Diagnostic Testing,2026-01-12T16:19:21.775122661+00:00,Diagnostics,LAB-03,Completed,Synthetic Hospital EHR
PT-10106,Clinical Review,2026-01-13T01:48:14.842438956+00:00,Clinical,DOC-04,Completed,Synthetic Hospital EHR
PT-10106,Discharge Processing,2026-01-13T03:08:40.659441707+00:00,Billing,BIL-05,Completed,Synthetic Hospital EHR
PT-10106,Patient Exit,2026-01-13T11:41:45.073065754+00:00,Billing,FRONT-06,Completed,Synthetic Hospital EHR
PT-10107,Patient Registration,2026-01-06T08:05:00+00:00,OPD,REG-01,Completed,Synthetic Hospital EHR
PT-10107,Initial Assessment,2026-01-06T09:30:55.217376158+00:00,OPD,NUR-02,Completed,Synthetic Hospital EHR
PT-10107,Diagnostic Testing,2026-01-06T10:58:49.809843037+00:00,Diagnostics,LAB-03,Completed,Synthetic Hospital EHR
PT-10107,Clinical Review,2026-01-06T19:26:57.414276520+00:00,Clinical,DOC-04,Completed,Synthetic Hospital EHR
PT-10107,Discharge Processing,2026-01-06T20:31:36.532586561+00:00,Billing,BIL-05,Completed,Synthetic Hospital EHR
PT-10107,Patient Exit,2026-01-06T22:03:46.085666704+00:00,Billing,FRONT-06,Completed,Synthetic Hospital EHR
PT-10108,Patient Registration,2026-01-08T14:49:00+00:00,OPD,REG-01,Completed,Synthetic Hospital EHR
PT-10108,Initial Assessment,2026-01-08T16:25:03.111763280+00:00,OPD,NUR-02,Completed,Synthetic Hospital EHR
PT-10108,Diagnostic Testing,2026-01-08T17:36:19.725262289+00:00,Diagnostics,LAB-03,Completed,Synthetic Hospital EHR
PT-10108,Clinical Review,2026-01-09T03:12:46.287891759+00:00,Clinical,DOC-04,Completed,Synthetic Hospital EHR
PT-10108,Discharge Processing,2026-01-09T04:24:06.544004712+00:00,Billing,BIL-05,Completed,Synthetic Hospital EHR
PT-10108,Patient Exit,2026-01-09T14:09:47.038889934+00:00,Billing,FRONT-06,Completed,Synthetic Hospital EHR
PT-10109,Patient Registration,2026-01-10T12:14:00+00:00,OPD,REG-01,Completed,Synthetic Hospital EHR
PT-10109,Initial Assessment,2026-01-10T13:44:34.580566199+00:00,OPD,NUR-02,Completed,Synthetic Hospital EHR
PT-10109,Diagnostic Testing,2026-01-10T15:06:52.595530465+00:00,Diagnostics,LAB-03,Completed,Synthetic Hospital EHR
PT-10109,Clinical Review,2026-01-10T23:21:39.288202858+00:00,Clinical,DOC-04,Completed,Synthetic Hospital EHR
PT-10109,Discharge Processing,2026-01-11T00:30:08.023796328+00:00,Billing,BIL-05,Completed,Synthetic Hospital EHR
PT-10109,Patient Exit,2026-01-11T06:05:49.183389651+00:00,Billing,FRONT-06,Completed,Synthetic Hospital EHR
PT-10110,Patient Registration,2026-01-05T08:23:00+00:00,OPD,REG-01,Completed,Synthetic Hospital EHR
PT-10110,Initial Assessment,2026-01-05T09:30:49.928870273+00:00,OPD,NUR-02,Completed,Synthetic Hospital EHR
PT-10110,Diagnostic Testing,2026-01-05T11:18:20.503871130+00:00,Diagnostics,LAB-03,Completed,Synthetic Hospital EHR
PT-10110,Clinical Review,2026-01-05T21:29:49.243444205+00:00,Clinical,DOC-04,Completed,Synthetic Hospital EHR
PT-10110,Discharge Processing,2026-01-05T22:45:57.103515575+00:00,Billing,BIL-05,Completed,Synthetic Hospital EHR
PT-10110,Patient Exit,2026-01-06T00:13:13.996564131+00:00,Billing,FRONT-06,Completed,Synthetic Hospital EHR
PT-10111,Patient Registration,2026-01-08T13:10:00+00:00,OPD,REG-01,Completed,Synthetic Hospital EHR
PT-10111,Initial Assessment,2026-01-08T13:48:59.805938371+00:00,OPD,NUR-02,Completed,Synthetic Hospital EHR
PT-10111,Diagnostic Testing,2026-01-08T15:14:52.954901966+00:00,Diagnostics,LAB-03,Completed,Synthetic Hospital EHR
PT-10111,Clinical Review,2026-01-08T16:10:21.948344540+00:00,Clinical,DOC-04,Completed,Synthetic Hospital EHR
PT-10111,Discharge Processing,2026-01-08T17:08:57.016851+00:00,Billing,BIL-05,Completed,Synthetic Hospital EHR
PT-10111,Patient Exit,2026-01-09T02:07:17.243399925+00:00,Billing,FRONT-06,Completed,Synthetic Hospital EHR
PT-10112,Patient Registration,2026-01-05T20:58:00+00:00,OPD,REG-01,Completed,Synthetic Hospital EHR
PT-10112,Initial Assessment,2026-01-05T22:04:26.616553895+00:00,OPD,NUR-02,Completed,Synthetic Hospital EHR
PT-10112,Diagnostic Testing,2026-01-06T00:06:15.859588234+00:00,Diagnostics,LAB-03,Completed,Synthetic Hospital EHR
PT-10112,Clinical Review,2026-01-06T01:07:32.622158747+00:00,Clinical,DOC-04,Completed,Synthetic Hospital EHR
PT-10112,Discharge Processing,2026-01-06T02:15:38.974248070+00:00,Billing,BIL-05,Completed,Synthetic Hospital EHR
PT-10112,Patient Exit,2026-01-06T12:13:39.607219471+00:00,Billing,FRONT-06,Completed,Synthetic Hospital EHR
PT-10113,Patient Registration,2026-01-12T20:12:00+00:00,OPD,REG-01,Completed,Synthetic Hospital EHR
PT-10113,Initial Assessment,2026-01-12T21:01:50.336198234+00:00,OPD,NUR-02,Completed,Synthetic Hospital EHR
PT-10113,Diagnostic Testing,2026-01-12T22:40:48.409518681+00:00,Diagnostics,LAB-03,Completed,Synthetic Hospital EHR
PT-10113,Clinical Review,2026-01-13T06:35:38.666458084+00:00,Clinical,DOC-04,Completed,Synthetic Hospital EHR
PT-10113,Discharge Processing,2026-01-13T07:43:48.642215003+00:00,Billing,BIL-05,Completed,Synthetic Hospital EHR
PT-10113,Patient Exit,2026-01-13T17:20:21.986317792+00:00,Billing,FRONT-06,Completed,Synthetic Hospital EHR
PT-10114,Patient Registration,2026-01-09T11:20:00+00:00,OPD,REG-01,Completed,Synthetic Hospital EHR
PT-10114,Initial Assessment,2026-01-09T12:39:05.057971209+00:00,OPD,NUR-02,Completed,Synthetic Hospital EHR
PT-10114,Diagnostic Testing,2026-01-09T13:45:21.455775278+00:00,Diagnostics,LAB-03,Completed,Synthetic Hospital EHR
PT-10114,Clinical Review,2026-01-09T23:35:33.589586872+00:00,Clinical,DOC-04,Completed,Synthetic Hospital EHR
PT-10114,Discharge Processing,2026-01-10T00:54:09.429217879+00:00,Billing,BIL-05,Completed,Synthetic Hospital EHR
PT-10114,Patient Exit,2026-01-10T06:47:19.668240365+00:00,Billing,FRONT-06,Completed,Synthetic Hospital EHR
PT-10115,Patient Registration,2026-01-12T14:16:00+00:00,OPD,REG-01,Completed,Synthetic Hospital EHR
PT-10115,Initial Assessment,2026-01-12T15:21:53.220085741+00:00,OPD,NUR-02,Completed,Synthetic Hospital EHR
PT-10115,Diagnostic Testing,2026-01-12T16:52:32.636845849+00:00,Diagnostics,LAB-03,Completed,Synthetic Hospital EHR
PT-10115,Clinical Review,2026-01-13T05:13:50.370943095+00:00,Clinical,DOC-04,Completed,Synthetic Hospital EHR
PT-10115,Discharge Processing,2026-01-13T06:18:44.342433168+00:00,Billing,BIL-05,Completed,Synthetic Hospital EHR
PT-10115,Patient Exit,2026-01-13T12:49:28.987493650+00:00,Billing,FRONT-06,Completed,Synthetic Hospital EHR
PT-10116,Patient Registration,2026-01-12T11:28:00+00:00,OPD,REG-01,Completed,Synthetic Hospital EHR
PT-10116,Initial Assessment,2026-01-12T12:51:20.989602440+00:00,OPD,NUR-02,Completed,Synthetic Hospital EHR
PT-10116,Diagnostic Testing,2026-01-12T14:03:55.260340290+00:00,Diagnostics,LAB-03,Completed,Synthetic Hospital EHR
PT-10116,Clinical Review,2026-01-13T01:23:02.563096755+00:00,Clinical,DOC-04,Completed,Synthetic Hospital EHR
PT-10116,Discharge Processing,2026-01-13T02:35:11.746841398+00:00,Billing,BIL-05,Completed,Synthetic Hospital EHR
PT-10116,Patient Exit,2026-01-13T03:34:32.810990694+00:00,Billing,FRONT-06,Completed,Synthetic Hospital EHR
PT-10117,Patient Registration,2026-01-08T23:55:00+00:00,OPD,REG-01,Completed,Synthetic Hospital EHR
PT-10117,Initial Assessment,2026-01-09T00:44:59.999468101+00:00,OPD,NUR-02,Completed,Synthetic Hospital EHR
PT-10117,Diagnostic Testing,2026-01-09T01:51:13.849781848+00:00,Diagnostics,LAB-03,Completed,Synthetic Hospital EHR
PT-10117,Clinical Review,2026-01-09T09:36:31.281377393+00:00,Clinical,DOC-04,Completed,Synthetic Hospital EHR
PT-10117,Discharge Processing,2026-01-09T10:52:44.133099496+00:00,Billing,BIL-05,Completed,Synthetic Hospital EHR
PT-10117,Patient Exit,2026-01-09T19:09:23.452389670+00:00,Billing,FRONT-06,Completed,Synthetic Hospital EHR
PT-10118,Patient Registration,2026-01-08T09:12:00+00:00,OPD,REG-01,Completed,Synthetic Hospital EHR
PT-10118,Initial Assessment,2026-01-08T09:56:03.835156352+00:00,OPD,NUR-02,Completed,Synthetic Hospital EHR
PT-10118,Diagnostic Testing,2026-01-08T11:51:40.137535462+00:00,Diagnostics,LAB-03,Completed,Synthetic Hospital EHR
PT-10118,Clinical Review,2026-01-09T00:01:29.754205618+00:00,Clinical,DOC-04,Completed,Synthetic Hospital EHR
PT-10118,Discharge Processing,2026-01-09T00:55:24.090031063+00:00,Billing,BIL-05,Completed,Synthetic Hospital EHR
PT-10118,Patient Exit,2026-01-09T06:34:12.620493311+00:00,Billing,FRONT-06,Completed,Synthetic Hospital EHR
PT-10119,Patient Registration,2026-01-05T12:44:00+00:00,OPD,REG-01,Completed,Synthetic Hospital EHR
PT-10119,Initial Assessment,2026-01-05T13:39:09.264150185+00:00,OPD,NUR-02,Completed,Synthetic Hospital EHR
PT-10119,Diagnostic Testing,2026-01-05T15:09:28.679748347+00:00,Diagnostics,LAB-03,Completed,Synthetic Hospital EHR
PT-10119,Clinical Review,2026-01-06T03:37:11.741008348+00:00,Clinical,DOC-04,Completed,Synthetic Hospital EHR
PT-10119,Discharge Processing,2026-01-06T04:54:44.878119197+00:00,Billing,BIL-05,Completed,Synthetic Hospital EHR
PT-10119,Patient Exit,2026-01-06T13:25:09.917941578+00:00,Billing,FRONT-06,Completed,Synthetic Hospital EHR
PT-10120,Patient Registration,2026-01-11T03:46:00+00:00,OPD,REG-01,Completed,Synthetic Hospital EHR
PT-10120,Initial Assessment,2026-01-11T04:46:32.600660509+00:00,OPD,NUR-02,Completed,Synthetic Hospital EHR
PT-10120,Diagnostic Testing,2026-01-11T06:01:26.350492540+00:00,Diagnostics,LAB-03,Completed,Synthetic Hospital EHR
PT-10120,Clinical Review,2026-01-11T18:52:50.723731480+00:00,Clinical,DOC-04,Completed,Synthetic Hospital EHR
PT-10120,Discharge Processing,2026-01-11T20:06:29.126593488+00:00,Billing,BIL-05,Completed,Synthetic Hospital EHR
PT-10120,Patient Exit,2026-01-11T20:38:06.682439344+00:00,Billing,FRONT-06,Completed,Synthetic Hospital EHR
PT-10121,Patient Registration,2026-01-11T10:24:00+00:00,OPD,REG-01,Completed,Synthetic Hospital EHR
PT-10121,Initial Assessment,2026-01-11T11:23:58.746831866+00:00,OPD,NUR-02,Completed,Synthetic Hospital EHR
PT-10121,Diagnostic Testing,2026-01-11T13:04:47.900011058+00:00,Diagnostics,LAB-03,Completed,Synthetic Hospital EHR
PT-10121,Clinical Review,2026-01-12T01:41:44.149998869+00:00,Clinical,DOC-04,Completed,Synthetic Hospital EHR
PT-10121,Discharge Processing,2026-01-12T03:04:39.197245931+00:00,Billing,BIL-05,Completed,Synthetic Hospital EHR
PT-10121,Patient Exit,2026-01-12T10:48:01.068482675+00:00,Billing,FRONT-06,Completed,Synthetic Hospital EHR
PT-10122,Patient Registration,2026-01-09T18:15:00+00:00,OPD,REG-01,Completed,Synthetic Hospital EHR
PT-10122,Initial Assessment,2026-01-09T19:04:35.324119978+00:00,OPD,NUR-02,Completed,Synthetic Hospital EHR
PT-10122,Diagnostic Testing,2026-01-09T20:02:32.830888549+00:00,Diagnostics,LAB-03,Completed,Synthetic Hospital EHR
PT-10122,Clinical Review,2026-01-09T21:32:58.779086743+00:00,Clinical,DOC-04,Completed,Synthetic Hospital EHR
PT-10122,Discharge Processing,2026-01-09T22:28:06.231513433+00:00,Billing,BIL-05,Completed,Synthetic Hospital EHR
PT-10122,Patient Exit,2026-01-09T23:50:15.195921707+00:00,Billing,FRONT-06,Completed,Synthetic Hospital EHR
PT-10123,Patient Registration,2026-01-11T15:43:00+00:00,OPD,REG-01,Completed,Synthetic Hospital EHR
PT-10123,Initial Assessment,2026-01-11T16:44:40.047968795+00:00,OPD,NUR-02,Completed,Synthetic Hospital EHR
PT-10123,Diagnostic Testing,2026-01-11T19:20:51.016352521+00:00,Diagnostics,LAB-03,Completed,Synthetic Hospital EHR
PT-10123,Clinical Review,2026-01-12T03:47:19.903917339+00:00,Clinical,DOC-04,Completed,Synthetic Hospital EHR
PT-10123,Discharge Processing,2026-01-12T05:00:00.222520393+00:00,Billing,BIL-05,Completed,Synthetic Hospital EHR
PT-10123,Patient Exit,2026-01-12T11:17:20.773895035+00:00,Billing,FRONT-06,Completed,Synthetic Hospital EHR
PT-10124,Patient Registration,2026-01-08T23:00:00+00:00,OPD,REG-01,Completed,Synthetic Hospital EHR
PT-10124,Initial Assessment,2026-01-09T00:26:18.142446135+00:00,OPD,NUR-02,Completed,Synthetic Hospital EHR
PT-10124,Diagnostic Testing,2026-01-09T01:31:42.238631639+00:00,Diagnostics,LAB-03,Completed,Synthetic Hospital EHR
PT-10124,Clinical Review,2026-01-09T02:16:45.956902479+00:00,Clinical,DOC-04,Completed,Synthetic Hospital EHR
PT-10124,Discharge Processing,2026-01-09T03:25:43.166555270+00:00,Billing,BIL-05,Completed,Synthetic Hospital EHR
PT-10124,Patient Exit,2026-01-09T12:24:58.361597523+00:00,Billing,FRONT-06,Completed,Synthetic Hospital EHR
PT-10125,Patient Registration,2026-01-09T10:23:00+00:00,OPD,REG-01,Completed,Synthetic Hospital EHR
PT-10125,Initial Assessment,2026-01-09T11:21:51.048316983+00:00,OPD,NUR-02,Completed,Synthetic Hospital EHR
PT-10125,Diagnostic Testing,2026-01-09T12:32:32.950035319+00:00,Diagnostics,LAB-03,Completed,Synthetic Hospital EHR
PT-10125,Clinical Review,2026-01-09T21:52:58.301982700+00:00,Clinical,DOC-04,Completed,Synthetic Hospital EHR
PT-10125,Discharge Processing,2026-01-09T22:39:58.722406689+00:00,Billing,BIL-05,Completed,Synthetic Hospital EHR
PT-10125,Patient Exit,2026-01-10T04:26:10.066893086+00:00,Billing,FRONT-06,Completed,Synthetic Hospital EHR
PT-10126,Patient Registration,2026-01-09T08:15:00+00:00,OPD,REG-01,Completed,Synthetic Hospital EHR
PT-10126,Initial Assessment,2026-01-09T09:06:48.957851938+00:00,OPD,NUR-02,Completed,Synthetic Hospital EHR
PT-10126,Diagnostic Testing,2026-01-09T11:02:10.699656163+00:00,Diagnostics,LAB-03,Completed,Synthetic Hospital EHR
PT-10126,Clinical Review,2026-01-09T18:51:51.446030877+00:00,Clinical,DOC-04,Completed,Synthetic Hospital EHR
PT-10126,Discharge Processing,2026-01-09T20:09:51.141973157+00:00,Billing,BIL-05,Completed,Synthetic Hospital EHR
PT-10126,Patient Exit,2026-01-10T05:35:18.425044271+00:00,Billing,FRONT-06,Completed,Synthetic Hospital EHR
PT-10127,Patient Registration,2026-01-11T12:43:00+00:00,OPD,REG-01,Completed,Synthetic Hospital EHR
PT-10127,Initial Assessment,2026-01-11T13:25:18.076296523+00:00,OPD,NUR-02,Completed,Synthetic Hospital EHR
PT-10127,Diagnostic Testing,2026-01-11T14:12:30.095158238+00:00,Diagnostics,LAB-03,Completed,Synthetic Hospital EHR
PT-10127,Clinical Review,2026-01-11T23:44:57.595683318+00:00,Clinical,DOC-04,Completed,Synthetic Hospital EHR
PT-10127,Discharge Processing,2026-01-12T00:45:16.105543929+00:00,Billing,BIL-05,Completed,Synthetic Hospital EHR
PT-10127,Patient Exit,2026-01-12T09:11:07.038025001+00:00,Billing,FRONT-06,Completed,Synthetic Hospital EHR
PT-10128,Patient Registration,2026-01-05T08:17:00+00:00,OPD,REG-01,Completed,Synthetic Hospital EHR
PT-10128,Initial Assessment,2026-01-05T09:38:31.539520833+00:00,OPD,NUR-02,Completed,Synthetic Hospital EHR
PT-10128,Diagnostic Testing,2026-01-05T13:59:11.843425641+00:00,Diagnostics,LAB-03,Completed,Synthetic Hospital EHR
PT-10128,Clinical Review,2026-01-06T02:50:47.787515119+00:00,Clinical,DOC-04,Completed,Synthetic Hospital EHR
PT-10128,Discharge Processing,2026-01-06T04:26:16.979606360+00:00,Billing,BIL-05,Completed,Synthetic Hospital EHR
PT-10128,Patient Exit,2026-01-06T11:33:42.964253038+00:00,Billing,FRONT-06,Completed,Synthetic Hospital EHR
PT-10129,Patient Registration,2026-01-15T06:05:00+00:00,OPD,REG-01,Completed,Synthetic Hospital EHR
PT-10129,Initial Assessment,2026-01-15T06:50:36.280254802+00:00,OPD,NUR-02,Completed,Synthetic Hospital EHR
PT-10129,Diagnostic Testing,2026-01-15T08:23:09.036047976+00:00,Diagnostics,LAB-03,Completed,Synthetic Hospital EHR
PT-10129,Clinical Review,2026-01-15T09:47:25.466879728+00:00,Clinical,DOC-04,Completed,Synthetic Hospital EHR
PT-10129,Discharge Processing,2026-01-15T11:24:23.578773559+00:00,Billing,BIL-05,Completed,Synthetic Hospital EHR
PT-10129,Patient Exit,2026-01-15T20:09:02.352807565+00:00,Billing,FRONT-06,Completed,Synthetic Hospital EHR
PT-10130,Patient Registration,2026-01-07T00:10:00+00:00,OPD,REG-01,Completed,Synthetic Hospital EHR
PT-10130,Initial Assessment,2026-01-07T01:06:29.981778128+00:00,OPD,NUR-02,Completed,Synthetic Hospital EHR
PT-10130,Diagnostic Testing,2026-01-07T04:06:33.716736121+00:00,Diagnostics,LAB-03,Completed,Synthetic Hospital EHR
PT-10130,Clinical Review,2026-01-07T04:47:19.659574819+00:00,Clinical,DOC-04,Completed,Synthetic Hospital EHR
PT-10130,Discharge Processing,2026-01-07T05:51:16.951611459+00:00,Billing,BIL-05,Completed,Synthetic Hospital EHR
PT-10130,Patient Exit,2026-01-07T11:11:32.284254832+00:00,Billing,FRONT-06,Completed,Synthetic Hospital EHR
PT-10131,Patient Registration,2026-01-10T05:54:00+00:00,OPD,REG-01,Completed,Synthetic Hospital EHR
PT-10131,Initial Assessment,2026-01-10T06:43:44.644101896+00:00,OPD,NUR-02,Completed,Synthetic Hospital EHR
PT-10131,Diagnostic Testing,2026-01-10T07:53:37.275636974+00:00,Diagnostics,LAB-03,Completed,Synthetic Hospital EHR
PT-10131,Clinical Review,2026-01-10T18:48:26.039936636+00:00,Clinical,DOC-04,Completed,Synthetic Hospital EHR
PT-10131,Discharge Processing,2026-01-10T20:37:25.926601949+00:00,Billing,BIL-05,Completed,Synthetic Hospital EHR
PT-10131,Patient Exit,2026-01-11T02:21:29.473828734+00:00,Billing,FRONT-06,Completed,Synthetic Hospital EHR
PT-10132,Patient Registration,2026-01-08T00:25:00+00:00,OPD,REG-01,Completed,Synthetic Hospital EHR
PT-10132,Initial Assessment,2026-01-08T01:21:10.851858242+00:00,OPD,NUR-02,Completed,Synthetic Hospital EHR
PT-10132,Diagnostic Testing,2026-01-08T02:22:13.995121437+00:00,Diagnostics,LAB-03,Completed,Synthetic Hospital EHR
PT-10132,Clinical Review,2026-01-08T11:44:14.795908914+00:00,Clinical,DOC-04,Completed,Synthetic Hospital EHR
PT-10132,Discharge Processing,2026-01-08T13:20:50.955667193+00:00,Billing,BIL-05,Completed,Synthetic Hospital EHR
PT-10132,Patient Exit,2026-01-08T22:06:32.876126996+00:00,Billing,FRONT-06,Completed,Synthetic Hospital EHR
PT-10133,Patient Registration,2026-01-13T13:32:00+00:00,OPD,REG-01,Completed,Synthetic Hospital EHR
PT-10133,Initial Assessment,2026-01-13T14:32:03.418248269+00:00,OPD,NUR-02,Completed,Synthetic Hospital EHR
PT-10133,Diagnostic Testing,2026-01-13T17:53:12.716076428+00:00,Diagnostics,LAB-03,Completed,Synthetic Hospital EHR
PT-10133,Clinical Review,2026-01-14T02:12:07.203152366+00:00,Clinical,DOC-04,Completed,Synthetic Hospital EHR
PT-10133,Discharge Processing,2026-01-14T03:13:13.902208290+00:00,Billing,BIL-05,Completed,Synthetic Hospital EHR
PT-10133,Patient Exit,2026-01-14T03:51:33.325670032+00:00,Billing,FRONT-06,Completed,Synthetic Hospital EHR
PT-10134,Patient Registration,2026-01-06T22:56:00+00:00,OPD,REG-01,Completed,Synthetic Hospital EHR
PT-10134,Initial Assessment,2026-01-07T00:13:37.518037398+00:00,OPD,NUR-02,Completed,Synthetic Hospital EHR
PT-10134,Diagnostic Testing,2026-01-07T01:32:52.984288768+00:00,Diagnostics,LAB-03,Completed,Synthetic Hospital EHR
PT-10134,Clinical Review,2026-01-07T02:16:06.944816814+00:00,Clinical,DOC-04,Completed,Synthetic Hospital EHR
PT-10134,Discharge Processing,2026-01-07T03:16:56.895910788+00:00,Billing,BIL-05,Completed,Synthetic Hospital EHR
PT-10134,Patient Exit,2026-01-07T10:14:49.423091335+00:00,Billing,FRONT-06,Completed,Synthetic Hospital EHR
PT-10135,Patient Registration,2026-01-07T02:04:00+00:00,OPD,REG-01,Completed,Synthetic Hospital EHR
PT-10135,Initial Assessment,2026-01-07T03:30:42.671473187+00:00,OPD,NUR-02,Completed,Synthetic Hospital EHR
PT-10135,Diagnostic Testing,2026-01-07T04:06:39.881555388+00:00,Diagnostics,LAB-03,Completed,Synthetic Hospital EHR
PT-10135,Clinical Review,2026-01-07T12:26:09.116653500+00:00,Clinical,DOC-04,Completed,Synthetic Hospital EHR
PT-10135,Discharge Processing,2026-01-07T13:30:04.499898744+00:00,Billing,BIL-05,Completed,Synthetic Hospital EHR
PT-10135,Patient Exit,2026-01-07T22:10:29.552252794+00:00,Billing,FRONT-06,Completed,Synthetic Hospital EHR
PT-10136,Patient Registration,2026-01-12T19:01:00+00:00,OPD,REG-01,Completed,Synthetic Hospital EHR
PT-10136,Initial Assessment,2026-01-12T20:51:54.477048246+00:00,OPD,NUR-02,Completed,Synthetic Hospital EHR
PT-10136,Diagnostic Testing,2026-01-12T23:00:40.544394971+00:00,Diagnostics,LAB-03,Completed,Synthetic Hospital EHR
PT-10136,Clinical Review,2026-01-13T06:18:28.861757324+00:00,Clinical,DOC-04,Completed,Synthetic Hospital EHR
PT-10136,Discharge Processing,2026-01-13T07:11:00.062366506+00:00,Billing,BIL-05,Completed,Synthetic Hospital EHR
PT-10136,Patient Exit,2026-01-13T13:29:03.386162679+00:00,Billing,FRONT-06,Completed,Synthetic Hospital EHR
PT-10137,Patient Registration,2026-01-10T20:13:00+00:00,OPD,REG-01,Completed,Synthetic Hospital EHR
PT-10137,Initial Assessment,2026-01-10T21:11:44.438781076+00:00,OPD,NUR-02,Completed,Synthetic Hospital EHR
PT-10137,Diagnostic Testing,2026-01-10T21:58:08.792091954+00:00,Diagnostics,LAB-03,Completed,Synthetic Hospital EHR
PT-10137,Clinical Review,2026-01-11T07:16:52.772878467+00:00,Clinical,DOC-04,Completed,Synthetic Hospital EHR
PT-10137,Discharge Processing,2026-01-11T08:33:35.444511700+00:00,Billing,BIL-05,Completed,Synthetic Hospital EHR
PT-10137,Patient Exit,2026-01-11T15:08:00.937645858+00:00,Billing,FRONT-06,Completed,Synthetic Hospital EHR
PT-10138,Patient Registration,2026-01-11T17:27:00+00:00,OPD,REG-01,Completed,Synthetic Hospital EHR
PT-10138,Initial Assessment,2026-01-11T18:37:17.102682456+00:00,OPD,NUR-02,Completed,Synthetic Hospital EHR
PT-10138,Diagnostic Testing,2026-01-11T19:52:02.763363899+00:00,Diagnostics,LAB-03,Completed,Synthetic Hospital EHR
PT-10138,Clinical Review,2026-01-12T08:14:04.211714624+00:00,Clinical,DOC-04,Completed,Synthetic Hospital EHR
PT-10138,Discharge Processing,2026-01-12T09:30:45.910151726+00:00,Billing,BIL-05,Completed,Synthetic Hospital EHR
PT-10138,Patient Exit,2026-01-12T18:57:50.661464551+00:00,Billing,FRONT-06,Completed,Synthetic Hospital EHR
PT-10139,Patient Registration,2026-01-12T02:23:00+00:00,OPD,REG-01,Completed,Synthetic Hospital EHR
PT-10139,Initial Assessment,2026-01-12T03:40:11.179272768+00:00,OPD,NUR-02,Completed,Synthetic Hospital EHR
PT-10139,Diagnostic Testing,2026-01-12T04:49:37.699301249+00:00,Diagnostics,LAB-03,Completed,Synthetic Hospital EHR
PT-10139,Clinical Review,2026-01-12T13:07:05.550033229+00:00,Clinical,DOC-04,Completed,Synthetic Hospital EHR
PT-10139,Discharge Processing,2026-01-12T15:01:22.108780159+00:00,Billing,BIL-05,Completed,Synthetic Hospital EHR
PT-10139,Patient Exit,2026-01-12T23:25:13.594945920+00:00,Billing,FRONT-06,Completed,Synthetic Hospital EHR
PT-10140,Patient Registration,2026-01-14T06:09:00+00:00,OPD,REG-01,Completed,Synthetic Hospital EHR
PT-10140,Initial Assessment,2026-01-14T06:52:06.481769578+00:00,OPD,NUR-02,Completed,Synthetic Hospital EHR
PT-10140,Diagnostic Testing,2026-01-14T10:34:59.543058792+00:00,Diagnostics,LAB-03,Completed,Synthetic Hospital EHR
PT-10140,Clinical Review,2026-01-14T18:23:28.890797136+00:00,Clinical,DOC-04,Completed,Synthetic Hospital EHR
PT-10140,Discharge Processing,2026-01-14T19:22:58.455370787+00:00,Billing,BIL-05,Completed,Synthetic Hospital EHR
PT-10140,Patient Exit,2026-01-15T02:11:12.111728115+00:00,Billing,FRONT-06,Completed,Synthetic Hospital EHR
PT-10141,Patient Registration,2026-01-06T07:47:00+00:00,OPD,REG-01,Completed,Synthetic Hospital EHR
PT-10141,Initial Assessment,2026-01-06T08:51:37.969194988+00:00,OPD,NUR-02,Completed,Synthetic Hospital EHR
PT-10141,Diagnostic Testing,2026-01-06T13:05:58.867840422+00:00,Diagnostics,LAB-03,Completed,Synthetic Hospital EHR
PT-10141,Clinical Review,2026-01-07T01:25:47.561626579+00:00,Clinical,DOC-04,Completed,Synthetic Hospital EHR
PT-10141,Discharge Processing,2026-01-07T02:24:21.354447885+00:00,Billing,BIL-05,Completed,Synthetic Hospital EHR
PT-10141,Patient Exit,2026-01-07T07:56:34.607661079+00:00,Billing,FRONT-06,Completed,Synthetic Hospital EHR
PT-10142,Patient Registration,2026-01-09T09:45:00+00:00,OPD,REG-01,Completed,Synthetic Hospital EHR
PT-10142,Initial Assessment,2026-01-09T11:08:33.692979975+00:00,OPD,NUR-02,Completed,Synthetic Hospital EHR
PT-10142,Diagnostic Testing,2026-01-09T12:22:34.102233727+00:00,Diagnostics,LAB-03,Completed,Synthetic Hospital EHR
PT-10142,Clinical Review,2026-01-09T13:29:07.920130516+00:00,Clinical,DOC-04,Completed,Synthetic Hospital EHR
PT-10142,Discharge Processing,2026-01-09T14:54:15.492575853+00:00,Billing,BIL-05,Completed,Synthetic Hospital EHR
PT-10142,Patient Exit,2026-01-09T21:54:38.261931203+00:00,Billing,FRONT-06,Completed,Synthetic Hospital EHR
PT-10143,Patient Registration,2026-01-06T13:16:00+00:00,OPD,REG-01,Completed,Synthetic Hospital EHR
PT-10143,Initial Assessment,2026-01-06T14:07:56.691499652+00:00,OPD,NUR-02,Completed,Synthetic Hospital EHR
PT-10143,Diagnostic Testing,2026-01-06T15:36:39.172286396+00:00,Diagnostics,LAB-03,Completed,Synthetic Hospital EHR
PT-10143,Clinical Review,2026-01-06T16:21:52.400583566+00:00,Clinical,DOC-04,Completed,Synthetic Hospital EHR
PT-10143,Discharge Processing,2026-01-06T17:14:44.496104864+00:00,Billing,BIL-05,Completed,Synthetic Hospital EHR
PT-10143,Patient Exit,2026-01-07T00:42:50.593477735+00:00,Billing,FRONT-06,Completed,Synthetic Hospital EHR
PT-10144,Patient Registration,2026-01-14T21:33:00+00:00,OPD,REG-01,Completed,Synthetic Hospital EHR
PT-10144,Initial Assessment,2026-01-14T22:38:06.673765784+00:00,OPD,NUR-02,Completed,Synthetic Hospital EHR
PT-10144,Diagnostic Testing,2026-01-14T23:37:14.445222308+00:00,Diagnostics,LAB-03,Completed,Synthetic Hospital EHR
PT-10144,Clinical Review,2026-01-15T08:32:49.894752804+00:00,Clinical,DOC-04,Completed,Synthetic Hospital EHR
PT-10144,Discharge Processing,2026-01-15T09:54:31.840433306+00:00,Billing,BIL-05,Completed,Synthetic Hospital EHR
PT-10144,Patient Exit,2026-01-15T19:14:22.443347264+00:00,Billing,FRONT-06,Completed,Synthetic Hospital EHR
PT-10145,Patient Registration,2026-01-09T03:22:00+00:00,OPD,REG-01,Completed,Synthetic Hospital EHR
PT-10145,Initial Assessment,2026-01-09T04:53:23.976068679+00:00,OPD,NUR-02,Completed,Synthetic Hospital EHR
PT-10145,Diagnostic Testing,2026-01-09T05:57:21.335359713+00:00,Diagnostics,LAB-03,Completed,Synthetic Hospital EHR
PT-10145,Clinical Review,2026-01-09T16:45:17.357694038+00:00,Clinical,DOC-04,Completed,Synthetic Hospital EHR
PT-10145,Discharge Processing,2026-01-09T17:48:26.149489050+00:00,Billing,BIL-05,Completed,Synthetic Hospital EHR
PT-10145,Patient Exit,2026-01-09T18:45:50.415803078+00:00,Billing,FRONT-06,Completed,Synthetic Hospital EHR
PT-10146,Patient Registration,2026-01-08T01:01:00+00:00,OPD,REG-01,Completed,Synthetic Hospital EHR
PT-10146,Initial Assessment,2026-01-08T02:28:40.005170568+00:00,OPD,NUR-02,Completed,Synthetic Hospital EHR
PT-10146,Diagnostic Testing,2026-01-08T05:48:35.656123948+00:00,Diagnostics,LAB-03,Completed,Synthetic Hospital EHR
PT-10146,Clinical Review,2026-01-08T16:08:10.675028950+00:00,Clinical,DOC-04,Completed,Synthetic Hospital EHR
PT-10146,Discharge Processing,2026-01-08T17:07:59.997086485+00:00,Billing,BIL-05,Completed,Synthetic Hospital EHR
PT-10146,Patient Exit,2026-01-09T00:01:34.667262560+00:00,Billing,FRONT-06,Completed,Synthetic Hospital EHR
PT-10147,Patient Registration,2026-01-09T20:15:00+00:00,OPD,REG-01,Completed,Synthetic Hospital EHR
PT-10147,Initial Assessment,2026-01-09T21:32:01.724614323+00:00,OPD,NUR-02,Completed,Synthetic Hospital EHR
PT-10147,Diagnostic Testing,2026-01-09T22:49:15.173176359+00:00,Diagnostics,LAB-03,Completed,Synthetic Hospital EHR
PT-10147,Clinical Review,2026-01-10T09:11:48.897244775+00:00,Clinical,DOC-04,Completed,Synthetic Hospital EHR
PT-10147,Discharge Processing,2026-01-10T10:20:57.181498429+00:00,Billing,BIL-05,Completed,Synthetic Hospital EHR
PT-10147,Patient Exit,2026-01-10T19:28:59.399373056+00:00,Billing,FRONT-06,Completed,Synthetic Hospital EHR
PT-10148,Patient Registration,2026-01-07T03:33:00+00:00,OPD,REG-01,Completed,Synthetic Hospital EHR
PT-10148,Initial Assessment,2026-01-07T04:42:35.869162157+00:00,OPD,NUR-02,Completed,Synthetic Hospital EHR
PT-10148,Diagnostic Testing,2026-01-07T09:04:14.884562980+00:00,Diagnostics,LAB-03,Completed,Synthetic Hospital EHR
PT-10148,Clinical Review,2026-01-07T10:02:47.829606333+00:00,Clinical,DOC-04,Completed,Synthetic Hospital EHR
PT-10148,Discharge Processing,2026-01-07T11:19:38.381677156+00:00,Billing,BIL-05,Completed,Synthetic Hospital EHR
PT-10148,Patient Exit,2026-01-07T16:21:01.520056335+00:00,Billing,FRONT-06,Completed,Synthetic Hospital EHR
PT-10149,Patient Registration,2026-01-11T07:22:00+00:00,OPD,REG-01,Completed,Synthetic Hospital EHR
PT-10149,Initial Assessment,2026-01-11T08:27:42.670884240+00:00,OPD,NUR-02,Completed,Synthetic Hospital EHR
PT-10149,Diagnostic Testing,2026-01-11T09:37:57.751251952+00:00,Diagnostics,LAB-03,Completed,Synthetic Hospital EHR
PT-10149,Clinical Review,2026-01-11T21:44:44.090532646+00:00,Clinical,DOC-04,Completed,Synthetic Hospital EHR
PT-10149,Discharge Processing,2026-01-11T22:27:02.553778396+00:00,Billing,BIL-05,Completed,Synthetic Hospital EHR
PT-10149,Patient Exit,2026-01-12T03:28:41.069737419+00:00,Billing,FRONT-06,Completed,Synthetic Hospital EHR
PT-10150,Patient Registration,2026-01-14T16:42:00+00:00,OPD,REG-01,Completed,Synthetic Hospital EHR
PT-10150,Initial Assessment,2026-01-14T17:41:39.150270925+00:00,OPD,NUR-02,Completed,Synthetic Hospital EHR
PT-10150,Diagnostic Testing,2026-01-14T19:58:27.322078214+00:00,Diagnostics,LAB-03,Completed,Synthetic Hospital EHR
PT-10150,Clinical Review,2026-01-15T04:35:46.704703319+00:00,Clinical,DOC-04,Completed,Synthetic Hospital EHR
PT-10150,Discharge Processing,2026-01-15T05:38:30.098093419+00:00,Billing,BIL-05,Completed,Synthetic Hospital EHR
PT-10150,Patient Exit,2026-01-15T06:43:15.778104573+00:00,Billing,FRONT-06,Completed,Synthetic Hospital EHR
PT-10151,Patient Registration,2026-01-08T15:22:00+00:00,OPD,REG-01,Completed,Synthetic Hospital EHR
PT-10151,Initial Assessment,2026-01-08T16:36:07.333141934+00:00,OPD,NUR-02,Completed,Synthetic Hospital EHR
PT-10151,Diagnostic Testing,2026-01-08T21:13:26.266038061+00:00,Diagnostics,LAB-03,Completed,Synthetic Hospital EHR
PT-10151,Clinical Review,2026-01-08T21:59:41.659492015+00:00,Clinical,DOC-04,Completed,Synthetic Hospital EHR
PT-10151,Discharge Processing,2026-01-08T22:54:41.079594751+00:00,Billing,BIL-05,Completed,Synthetic Hospital EHR
PT-10151,Patient Exit,2026-01-08T23:50:53.828127836+00:00,Billing,FRONT-06,Completed,Synthetic Hospital EHR
PT-10152,Patient Registration,2026-01-10T09:16:00+00:00,OPD,REG-01,Completed,Synthetic Hospital EHR
PT-10152,Initial Assessment,2026-01-10T10:12:20.954947552+00:00,OPD,NUR-02,Completed,Synthetic Hospital EHR
PT-10152,Diagnostic Testing,2026-01-10T10:47:58.942186248+00:00,Diagnostics,LAB-03,Completed,Synthetic Hospital EHR
PT-10152,Clinical Review,2026-01-10T20:20:58.496916635+00:00,Clinical,DOC-04,Completed,Synthetic Hospital EHR
PT-10152,Discharge Processing,2026-01-10T20:55:55.660915131+00:00,Billing,BIL-05,Completed,Synthetic Hospital EHR
PT-10152,Patient Exit,2026-01-11T02:31:26.844412347+00:00,Billing,FRONT-06,Completed,Synthetic Hospital EHR
PT-10153,Patient Registration,2026-01-10T03:37:00+00:00,OPD,REG-01,Completed,Synthetic Hospital EHR
PT-10153,Initial Assessment,2026-01-10T04:27:40.905574556+00:00,OPD,NUR-02,Completed,Synthetic Hospital EHR
PT-10153,Diagnostic Testing,2026-01-10T05:52:20.663474670+00:00,Diagnostics,LAB-03,Completed,Synthetic Hospital EHR
PT-10153,Clinical Review,2026-01-10T18:07:06.283411501+00:00,Clinical,DOC-04,Completed,Synthetic Hospital EHR
PT-10153,Discharge Processing,2026-01-10T19:13:38.509688151+00:00,Billing,BIL-05,Completed,Synthetic Hospital EHR
PT-10153,Patient Exit,2026-01-11T02:32:44.672552418+00:00,Billing,FRONT-06,Completed,Synthetic Hospital EHR
PT-10154,Patient Registration,2026-01-11T03:08:00+00:00,OPD,REG-01,Completed,Synthetic Hospital EHR
PT-10154,Initial Assessment,2026-01-11T04:00:09.099628174+00:00,OPD,NUR-02,Completed,Synthetic Hospital EHR
PT-10154,Diagnostic Testing,2026-01-11T07:22:46.114609862+00:00,Diagnostics,LAB-03,Completed,Synthetic Hospital EHR
PT-10154,Clinical Review,2026-01-11T14:37:12.166823113+00:00,Clinical,DOC-04,Completed,Synthetic Hospital EHR
PT-10154,Discharge Processing,2026-01-11T16:06:21.388629193+00:00,Billing,BIL-05,Completed,Synthetic Hospital EHR
PT-10154,Patient Exit,2026-01-11T22:10:39.263880582+00:00,Billing,FRONT-06,Completed,Synthetic Hospital EHR
PT-10155,Patient Registration,2026-01-06T23:12:00+00:00,OPD,REG-01,Completed,Synthetic Hospital EHR
PT-10155,Initial Assessment,2026-01-06T23:49:31.139773534+00:00,OPD,NUR-02,Completed,Synthetic Hospital EHR
PT-10155,Diagnostic Testing,2026-01-07T00:43:50.880278905+00:00,Diagnostics,LAB-03,Completed,Synthetic Hospital EHR
PT-10155,Clinical Review,2026-01-07T01:43:08.858900289+00:00,Clinical,DOC-04,Completed,Synthetic Hospital EHR
PT-10155,Discharge Processing,2026-01-07T03:00:44.489742508+00:00,Billing,BIL-05,Completed,Synthetic Hospital EHR
PT-10155,Patient Exit,2026-01-07T03:36:23.577918519+00:00,Billing,FRONT-06,Completed,Synthetic Hospital EHR
PT-10156,Patient Registration,2026-01-15T05:46:00+00:00,OPD,REG-01,Completed,Synthetic Hospital EHR
PT-10156,Initial Assessment,2026-01-15T06:42:52.628126179+00:00,OPD,NUR-02,Completed,Synthetic Hospital EHR
PT-10156,Diagnostic Testing,2026-01-15T11:07:34.366552311+00:00,Diagnostics,LAB-03,Completed,Synthetic Hospital EHR
PT-10156,Clinical Review,2026-01-15T18:20:29.782490069+00:00,Clinical,DOC-04,Completed,Synthetic Hospital EHR
PT-10156,Discharge Processing,2026-01-15T19:21:51.596901665+00:00,Billing,BIL-05,Completed,Synthetic Hospital EHR
PT-10156,Patient Exit,2026-01-15T20:58:58.168510747+00:00,Billing,FRONT-06,Completed,Synthetic Hospital EHR
PT-10157,Patient Registration,2026-01-14T01:08:00+00:00,OPD,REG-01,Completed,Synthetic Hospital EHR
PT-10157,Initial Assessment,2026-01-14T02:23:26.352470636+00:00,OPD,NUR-02,Completed,Synthetic Hospital EHR
PT-10157,Diagnostic Testing,2026-01-14T03:36:01.392715391+00:00,Diagnostics,LAB-03,Completed,Synthetic Hospital EHR
PT-10157,Clinical Review,2026-01-14T16:12:56.273318830+00:00,Clinical,DOC-04,Completed,Synthetic Hospital EHR
PT-10157,Discharge Processing,2026-01-14T17:03:37.053004950+00:00,Billing,BIL-05,Completed,Synthetic Hospital EHR
PT-10157,Patient Exit,2026-01-14T22:21:33.891076661+00:00,Billing,FRONT-06,Completed,Synthetic Hospital EHR
PT-10158,Patient Registration,2026-01-14T16:52:00+00:00,OPD,REG-01,Completed,Synthetic Hospital EHR
PT-10158,Initial Assessment,2026-01-14T17:46:36.844181697+00:00,OPD,NUR-02,Completed,Synthetic Hospital EHR
PT-10158,Diagnostic Testing,2026-01-14T18:51:01.782846985+00:00,Diagnostics,LAB-03,Completed,Synthetic Hospital EHR
PT-10158,Clinical Review,2026-01-15T04:14:02.022158798+00:00,Clinical,DOC-04,Completed,Synthetic Hospital EHR
PT-10158,Discharge Processing,2026-01-15T05:17:43.483471652+00:00,Billing,BIL-05,Completed,Synthetic Hospital EHR
PT-10158,Patient Exit,2026-01-15T15:08:21.025256160+00:00,Billing,FRONT-06,Completed,Synthetic Hospital EHR
PT-10159,Patient Registration,2026-01-06T21:22:00+00:00,OPD,REG-01,Completed,Synthetic Hospital EHR
PT-10159,Initial Assessment,2026-01-06T22:16:33.999133134+00:00,OPD,NUR-02,Completed,Synthetic Hospital EHR
PT-10159,Diagnostic Testing,2026-01-06T23:40:32.767761606+00:00,Diagnostics,LAB-03,Completed,Synthetic Hospital EHR
PT-10159,Clinical Review,2026-01-07T00:21:12.197554162+00:00,Clinical,DOC-04,Completed,Synthetic Hospital EHR
PT-10159,Discharge Processing,2026-01-07T01:56:46.655706857+00:00,Billing,BIL-05,Completed,Synthetic Hospital EHR
PT-10159,Patient Exit,2026-01-07T03:24:52.736259324+00:00,Billing,FRONT-06,Completed,Synthetic Hospital EHR
PT-10160,Patient Registration,2026-01-11T12:35:00+00:00,OPD,REG-01,Completed,Synthetic Hospital EHR
PT-10160,Initial Assessment,2026-01-11T13:15:09.974179823+00:00,OPD,NUR-02,Completed,Synthetic Hospital EHR
PT-10160,Diagnostic Testing,2026-01-11T14:29:37.291970268+00:00,Diagnostics,LAB-03,Completed,Synthetic Hospital EHR
PT-10160,Clinical Review,2026-01-11T15:37:21.724468959+00:00,Clinical,DOC-04,Completed,Synthetic Hospital EHR
PT-10160,Discharge Processing,2026-01-11T16:50:32.034589246+00:00,Billing,BIL-05,Completed,Synthetic Hospital EHR
PT-10160,Patient Exit,2026-01-11T18:28:33.610627562+00:00,Billing,FRONT-06,Completed,Synthetic Hospital EHR
PT-10161,Patient Registration,2026-01-13T18:07:00+00:00,OPD,REG-01,Completed,Synthetic Hospital EHR
PT-10161,Initial Assessment,2026-01-13T18:36:17.988235069+00:00,OPD,NUR-02,Completed,Synthetic Hospital EHR
PT-10161,Diagnostic Testing,2026-01-13T19:44:29.218938699+00:00,Diagnostics,LAB-03,Completed,Synthetic Hospital EHR
PT-10161,Clinical Review,2026-01-14T04:54:39.757977468+00:00,Clinical,DOC-04,Completed,Synthetic Hospital EHR
PT-10161,Discharge Processing,2026-01-14T06:06:19.823626705+00:00,Billing,BIL-05,Completed,Synthetic Hospital EHR
PT-10161,Patient Exit,2026-01-14T11:29:33.673161392+00:00,Billing,FRONT-06,Completed,Synthetic Hospital EHR
PT-10162,Patient Registration,2026-01-12T13:52:00+00:00,OPD,REG-01,Completed,Synthetic Hospital EHR
PT-10162,Initial Assessment,2026-01-12T14:42:43.340739608+00:00,OPD,NUR-02,Completed,Synthetic Hospital EHR
PT-10162,Diagnostic Testing,2026-01-12T16:39:33.044825579+00:00,Diagnostics,LAB-03,Completed,Synthetic Hospital EHR
PT-10162,Clinical Review,2026-01-13T00:36:15.548998036+00:00,Clinical,DOC-04,Completed,Synthetic Hospital EHR
PT-10162,Discharge Processing,2026-01-13T01:20:06.327988101+00:00,Billing,BIL-05,Completed,Synthetic Hospital EHR
PT-10162,Patient Exit,2026-01-13T02:05:24.885737937+00:00,Billing,FRONT-06,Completed,Synthetic Hospital EHR
PT-10163,Patient Registration,2026-01-09T19:03:00+00:00,OPD,REG-01,Completed,Synthetic Hospital EHR
PT-10163,Initial Assessment,2026-01-09T20:12:17.111461853+00:00,OPD,NUR-02,Completed,Synthetic Hospital EHR
PT-10163,Diagnostic Testing,2026-01-09T21:01:25.125004302+00:00,Diagnostics,LAB-03,Completed,Synthetic Hospital EHR
PT-10163,Clinical Review,2026-01-10T04:19:06.066109302+00:00,Clinical,DOC-04,Completed,Synthetic Hospital EHR
PT-10163,Discharge Processing,2026-01-10T05:25:37.167164539+00:00,Billing,BIL-05,Completed,Synthetic Hospital EHR
PT-10163,Patient Exit,2026-01-10T11:24:09.403504201+00:00,Billing,FRONT-06,Completed,Synthetic Hospital EHR
PT-10164,Patient Registration,2026-01-08T23:26:00+00:00,OPD,REG-01,Completed,Synthetic Hospital EHR
PT-10164,Initial Assessment,2026-01-09T00:36:37.065289149+00:00,OPD,NUR-02,Completed,Synthetic Hospital EHR
PT-10164,Diagnostic Testing,2026-01-09T01:51:25.208107256+00:00,Diagnostics,LAB-03,Completed,Synthetic Hospital EHR
PT-10164,Clinical Review,2026-01-09T13:39:37.814313811+00:00,Clinical,DOC-04,Completed,Synthetic Hospital EHR
PT-10164,Discharge Processing,2026-01-09T15:41:51.788028747+00:00,Billing,BIL-05,Completed,Synthetic Hospital EHR
PT-10164,Patient Exit,2026-01-09T17:18:16.929078171+00:00,Billing,FRONT-06,Completed,Synthetic Hospital EHR
PT-10165,Patient Registration,2026-01-14T10:59:00+00:00,OPD,REG-01,Completed,Synthetic Hospital EHR
PT-10165,Initial Assessment,2026-01-14T11:47:29.246590258+00:00,OPD,NUR-02,Completed,Synthetic Hospital EHR
PT-10165,Diagnostic Testing,2026-01-14T15:25:58.532246722+00:00,Diagnostics,LAB-03,Completed,Synthetic Hospital EHR
PT-10165,Clinical Review,2026-01-15T04:06:25.515126130+00:00,Clinical,DOC-04,Completed,Synthetic Hospital EHR
PT-10165,Discharge Processing,2026-01-15T05:16:55.041726739+00:00,Billing,BIL-05,Completed,Synthetic Hospital EHR
PT-10165,Patient Exit,2026-01-15T06:24:45.043833856+00:00,Billing,FRONT-06,Completed,Synthetic Hospital EHR
PT-10166,Patient Registration,2026-01-07T04:32:00+00:00,OPD,REG-01,Completed,Synthetic Hospital EHR
PT-10166,Initial Assessment,2026-01-07T05:19:46.446013740+00:00,OPD,NUR-02,Completed,Synthetic Hospital EHR
PT-10166,Diagnostic Testing,2026-01-07T09:19:29.509470770+00:00,Diagnostics,LAB-03,Completed,Synthetic Hospital EHR
PT-10166,Clinical Review,2026-01-07T20:39:22.695908243+00:00,Clinical,DOC-04,Completed,Synthetic Hospital EHR
PT-10166,Discharge Processing,2026-01-07T22:03:43.165339240+00:00,Billing,BIL-05,Completed,Synthetic Hospital EHR
PT-10166,Patient Exit,2026-01-07T22:46:52.360371193+00:00,Billing,FRONT-06,Completed,Synthetic Hospital EHR
PT-10167,Patient Registration,2026-01-11T20:45:00+00:00,OPD,REG-01,Completed,Synthetic Hospital EHR
PT-10167,Initial Assessment,2026-01-11T21:48:39.696611337+00:00,OPD,NUR-02,Completed,Synthetic Hospital EHR
PT-10167,Diagnostic Testing,2026-01-12T01:59:48.984355614+00:00,Diagnostics,LAB-03,Completed,Synthetic Hospital EHR
PT-10167,Clinical Review,2026-01-12T14:57:56.986040733+00:00,Clinical,DOC-04,Completed,Synthetic Hospital EHR
PT-10167,Discharge Processing,2026-01-12T15:49:11.833083604+00:00,Billing,BIL-05,Completed,Synthetic Hospital EHR
PT-10167,Patient Exit,2026-01-12T22:55:43.622212466+00:00,Billing,FRONT-06,Completed,Synthetic Hospital EHR
PT-10168,Patient Registration,2026-01-07T17:43:00+00:00,OPD,REG-01,Completed,Synthetic Hospital EHR
PT-10168,Initial Assessment,2026-01-07T18:40:52.681042819+00:00,OPD,NUR-02,Completed,Synthetic Hospital EHR
PT-10168,Diagnostic Testing,2026-01-07T20:02:41.775594237+00:00,Diagnostics,LAB-03,Completed,Synthetic Hospital EHR
PT-10168,Clinical Review,2026-01-07T21:05:50.193878682+00:00,Clinical,DOC-04,Completed,Synthetic Hospital EHR
PT-10168,Discharge Processing,2026-01-07T22:10:40.325994417+00:00,Billing,BIL-05,Completed,Synthetic Hospital EHR
PT-10168,Patient Exit,2026-01-08T03:28:46.280728752+00:00,Billing,FRONT-06,Completed,Synthetic Hospital EHR
PT-10169,Patient Registration,2026-01-07T14:42:00+00:00,OPD,REG-01,Completed,Synthetic Hospital EHR
PT-10169,Initial Assessment,2026-01-07T15:40:26.533041570+00:00,OPD,NUR-02,Completed,Synthetic Hospital EHR
PT-10169,Diagnostic Testing,2026-01-07T16:47:03.373458719+00:00,Diagnostics,LAB-03,Completed,Synthetic Hospital EHR
PT-10169,Clinical Review,2026-01-08T03:36:42.807134446+00:00,Clinical,DOC-04,Completed,Synthetic Hospital EHR
PT-10169,Discharge Processing,2026-01-08T05:41:05.988639793+00:00,Billing,BIL-05,Completed,Synthetic Hospital EHR
PT-10169,Patient Exit,2026-01-08T12:25:24.114066839+00:00,Billing,FRONT-06,Completed,Synthetic Hospital EHR
PT-10170,Patient Registration,2026-01-13T02:43:00+00:00,OPD,REG-01,Completed,Synthetic Hospital EHR
PT-10170,Initial Assessment,2026-01-13T03:33:03.508431660+00:00,OPD,NUR-02,Completed,Synthetic Hospital EHR
PT-10170,Diagnostic Testing,2026-01-13T04:31:06.702226351+00:00,Diagnostics,LAB-03,Completed,Synthetic Hospital EHR
PT-10170,Clinical Review,2026-01-13T16:23:28.558187991+00:00,Clinical,DOC-04,Completed,Synthetic Hospital EHR
PT-10170,Discharge Processing,2026-01-13T17:34:11.040932349+00:00,Billing,BIL-05,Completed,Synthetic Hospital EHR
PT-10170,Patient Exit,2026-01-13T18:36:21.820683054+00:00,Billing,FRONT-06,Completed,Synthetic Hospital EHR
PT-10171,Patient Registration,2026-01-12T01:14:00+00:00,OPD,REG-01,Completed,Synthetic Hospital EHR
PT-10171,Initial Assessment,2026-01-12T01:52:34.117296059+00:00,OPD,NUR-02,Completed,Synthetic Hospital EHR
PT-10171,Diagnostic Testing,2026-01-12T06:47:17.653244621+00:00,Diagnostics,LAB-03,Completed,Synthetic Hospital EHR
PT-10171,Clinical Review,2026-01-12T17:32:57.072872759+00:00,Clinical,DOC-04,Completed,Synthetic Hospital EHR
PT-10171,Discharge Processing,2026-01-12T18:12:43.937983854+00:00,Billing,BIL-05,Completed,Synthetic Hospital EHR
PT-10171,Patient Exit,2026-01-12T19:01:48.801273+00:00,Billing,FRONT-06,Completed,Synthetic Hospital EHR
PT-10172,Patient Registration,2026-01-13T08:35:00+00:00,OPD,REG-01,Completed,Synthetic Hospital EHR
PT-10172,Initial Assessment,2026-01-13T10:06:54.588391714+00:00,OPD,NUR-02,Completed,Synthetic Hospital EHR
PT-10172,Diagnostic Testing,2026-01-13T11:32:44.970456084+00:00,Diagnostics,LAB-03,Completed,Synthetic Hospital EHR
PT-10172,Clinical Review,2026-01-13T23:50:34.002682420+00:00,Clinical,DOC-04,Completed,Synthetic Hospital EHR
PT-10172,Discharge Processing,2026-01-14T01:06:35.132728527+00:00,Billing,BIL-05,Completed,Synthetic Hospital EHR
PT-10172,Patient Exit,2026-01-14T01:48:50.891113522+00:00,Billing,FRONT-06,Completed,Synthetic Hospital EHR
PT-10173,Patient Registration,2026-01-06T21:03:00+00:00,OPD,REG-01,Completed,Synthetic Hospital EHR
PT-10173,Initial Assessment,2026-01-06T21:45:34.057040728+00:00,OPD,NUR-02,Completed,Synthetic Hospital EHR
PT-10173,Diagnostic Testing,2026-01-07T01:43:18.143373422+00:00,Diagnostics,LAB-03,Completed,Synthetic Hospital EHR
PT-10173,Clinical Review,2026-01-07T10:34:18.140578803+00:00,Clinical,DOC-04,Completed,Synthetic Hospital EHR
PT-10173,Discharge Processing,2026-01-07T11:43:54.388456304+00:00,Billing,BIL-05,Completed,Synthetic Hospital EHR
PT-10173,Patient Exit,2026-01-07T20:15:24.895993739+00:00,Billing,FRONT-06,Completed,Synthetic Hospital EHR
PT-10174,Patient Registration,2026-01-07T17:39:00+00:00,OPD,REG-01,Completed,Synthetic Hospital EHR
PT-10174,Initial Assessment,2026-01-07T18:24:00.433921931+00:00,OPD,NUR-02,Completed,Synthetic Hospital EHR
PT-10174,Diagnostic Testing,2026-01-07T19:56:51.968388276+00:00,Diagnostics,LAB-03,Completed,Synthetic Hospital EHR
PT-10174,Clinical Review,2026-01-08T07:52:16.001373297+00:00,Clinical,DOC-04,Completed,Synthetic Hospital EHR
PT-10174,Discharge Processing,2026-01-08T08:52:08.807949722+00:00,Billing,BIL-05,Completed,Synthetic Hospital EHR
PT-10174,Patient Exit,2026-01-08T14:45:03.208325242+00:00,Billing,FRONT-06,Completed,Synthetic Hospital EHR
PT-10175,Patient Registration,2026-01-13T03:43:00+00:00,OPD,REG-01,Completed,Synthetic Hospital EHR
PT-10175,Initial Assessment,2026-01-13T04:50:58.028683028+00:00,OPD,NUR-02,Completed,Synthetic Hospital EHR
PT-10175,Diagnostic Testing,2026-01-13T05:30:49.526072561+00:00,Diagnostics,LAB-03,Completed,Synthetic Hospital EHR
PT-10175,Clinical Review,2026-01-13T14:23:48.616350172+00:00,Clinical,DOC-04,Completed,Synthetic Hospital EHR
PT-10175,Discharge Processing,2026-01-13T15:36:09.904669746+00:00,Billing,BIL-05,Completed,Synthetic Hospital EHR
PT-10175,Patient Exit,2026-01-13T22:47:48.695302181+00:00,Billing,FRONT-06,Completed,Synthetic Hospital EHR
PT-10176,Patient Registration,2026-01-13T22:30:00+00:00,OPD,REG-01,Completed,Synthetic Hospital EHR
PT-10176,Initial Assessment,2026-01-13T23:09:23.993204621+00:00,OPD,NUR-02,Completed,Synthetic Hospital EHR
PT-10176,Diagnostic Testing,2026-01-14T00:29:17.032813775+00:00,Diagnostics,LAB-03,Completed,Synthetic Hospital EHR
PT-10176,Clinical Review,2026-01-14T01:34:09.587483814+00:00,Clinical,DOC-04,Completed,Synthetic Hospital EHR
PT-10176,Discharge Processing,2026-01-14T02:38:51.356290701+00:00,Billing,BIL-05,Completed,Synthetic Hospital EHR
PT-10176,Patient Exit,2026-01-14T04:18:46.440767502+00:00,Billing,FRONT-06,Completed,Synthetic Hospital EHR
PT-10177,Patient Registration,2026-01-09T00:37:00+00:00,OPD,REG-01,Completed,Synthetic Hospital EHR
PT-10177,Initial Assessment,2026-01-09T01:33:35.335103480+00:00,OPD,NUR-02,Completed,Synthetic Hospital EHR
PT-10177,Diagnostic Testing,2026-01-09T02:44:28.069479285+00:00,Diagnostics,LAB-03,Completed,Synthetic Hospital EHR
PT-10177,Clinical Review,2026-01-09T03:47:07.422487148+00:00,Clinical,DOC-04,Completed,Synthetic Hospital EHR
PT-10177,Discharge Processing,2026-01-09T05:21:34.731954775+00:00,Billing,BIL-05,Completed,Synthetic Hospital EHR
PT-10177,Patient Exit,2026-01-09T12:44:44.343353867+00:00,Billing,FRONT-06,Completed,Synthetic Hospital EHR
PT-10178,Patient Registration,2026-01-10T06:03:00+00:00,OPD,REG-01,Completed,Synthetic Hospital EHR
PT-10178,Initial Assessment,2026-01-10T07:07:49.504369220+00:00,OPD,NUR-02,Completed,Synthetic Hospital EHR
PT-10178,Diagnostic Testing,2026-01-10T08:48:30.212960898+00:00,Diagnostics,LAB-03,Completed,Synthetic Hospital EHR
PT-10178,Clinical Review,2026-01-10T09:30:01.378532642+00:00,Clinical,DOC-04,Completed,Synthetic Hospital EHR
PT-10178,Discharge Processing,2026-01-10T10:25:05.688235520+00:00,Billing,BIL-05,Completed,Synthetic Hospital EHR
PT-10178,Patient Exit,2026-01-10T11:54:26.603077859+00:00,Billing,FRONT-06,Completed,Synthetic Hospital EHR
PT-10179,Patient Registration,2026-01-09T09:46:00+00:00,OPD,REG-01,Completed,Synthetic Hospital EHR
PT-10179,Initial Assessment,2026-01-09T11:13:39.447625876+00:00,OPD,NUR-02,Completed,Synthetic Hospital EHR
PT-10179,Diagnostic Testing,2026-01-09T12:23:00.664086206+00:00,Diagnostics,LAB-03,Completed,Synthetic Hospital EHR
PT-10179,Clinical Review,2026-01-09T21:47:36.555380808+00:00,Clinical,DOC-04,Completed,Synthetic Hospital EHR
PT-10179,Discharge Processing,2026-01-09T22:55:47.782631295+00:00,Billing,BIL-05,Completed,Synthetic Hospital EHR
PT-10179,Patient Exit,2026-01-10T08:37:26.279007021+00:00,Billing,FRONT-06,Completed,Synthetic Hospital EHR
PT-10180,Patient Registration,2026-01-15T06:41:00+00:00,OPD,REG-01,Completed,Synthetic Hospital EHR
PT-10180,Initial Assessment,2026-01-15T07:49:51.876977233+00:00,OPD,NUR-02,Completed,Synthetic Hospital EHR
PT-10180,Diagnostic Testing,2026-01-15T09:14:18.781729631+00:00,Diagnostics,LAB-03,Completed,Synthetic Hospital EHR
PT-10180,Clinical Review,2026-01-15T16:35:10.401171654+00:00,Clinical,DOC-04,Completed,Synthetic Hospital EHR
PT-10180,Discharge Processing,2026-01-15T17:35:41.931683371+00:00,Billing,BIL-05,Completed,Synthetic Hospital EHR
PT-10180,Patient Exit,2026-01-16T02:45:56.107739408+00:00,Billing,FRONT-06,Completed,Synthetic Hospital EHR
PT-10181,Patient Registration,2026-01-10T21:40:00+00:00,OPD,REG-01,Completed,Synthetic Hospital EHR
PT-10181,Initial Assessment,2026-01-10T22:30:00.506849248+00:00,OPD,NUR-02,Completed,Synthetic Hospital EHR
PT-10181,Diagnostic Testing,2026-01-11T00:04:32.481810117+00:00,Diagnostics,LAB-03,Completed,Synthetic Hospital EHR
PT-10181,Clinical Review,2026-01-11T00:55:25.443968347+00:00,Clinical,DOC-04,Completed,Synthetic Hospital EHR
PT-10181,Discharge Processing,2026-01-11T01:58:53.331479375+00:00,Billing,BIL-05,Completed,Synthetic Hospital EHR
PT-10181,Patient Exit,2026-01-11T10:22:12.086539555+00:00,Billing,FRONT-06,Completed,Synthetic Hospital EHR
PT-10182,Patient Registration,2026-01-09T12:51:00+00:00,OPD,REG-01,Completed,Synthetic Hospital EHR
PT-10182,Initial Assessment,2026-01-09T13:42:11.698157602+00:00,OPD,NUR-02,Completed,Synthetic Hospital EHR
PT-10182,Diagnostic Testing,2026-01-09T14:35:05.833483133+00:00,Diagnostics,LAB-03,Completed,Synthetic Hospital EHR
PT-10182,Clinical Review,2026-01-10T00:09:52.905760974+00:00,Clinical,DOC-04,Completed,Synthetic Hospital EHR
PT-10182,Discharge Processing,2026-01-10T00:56:57.345295591+00:00,Billing,BIL-05,Completed,Synthetic Hospital EHR
PT-10182,Patient Exit,2026-01-10T09:49:41.584851458+00:00,Billing,FRONT-06,Completed,Synthetic Hospital EHR
PT-10183,Patient Registration,2026-01-07T16:27:00+00:00,OPD,REG-01,Completed,Synthetic Hospital EHR
PT-10183,Initial Assessment,2026-01-07T17:26:48.373922234+00:00,OPD,NUR-02,Completed,Synthetic Hospital EHR
PT-10183,Diagnostic Testing,2026-01-07T18:15:17.921544395+00:00,Diagnostics,LAB-03,Completed,Synthetic Hospital EHR
PT-10183,Clinical Review,2026-01-08T01:16:50.926298816+00:00,Clinical,DOC-04,Completed,Synthetic Hospital EHR
PT-10183,Discharge Processing,2026-01-08T02:47:22.776187403+00:00,Billing,BIL-05,Completed,Synthetic Hospital EHR
PT-10183,Patient Exit,2026-01-08T03:20:05.082288675+00:00,Billing,FRONT-06,Completed,Synthetic Hospital EHR
PT-10184,Patient Registration,2026-01-14T07:24:00+00:00,OPD,REG-01,Completed,Synthetic Hospital EHR
PT-10184,Initial Assessment,2026-01-14T08:32:50.855256650+00:00,OPD,NUR-02,Completed,Synthetic Hospital EHR
PT-10184,Diagnostic Testing,2026-01-14T09:33:35.127448505+00:00,Diagnostics,LAB-03,Completed,Synthetic Hospital EHR
PT-10184,Clinical Review,2026-01-14T21:02:31.964742110+00:00,Clinical,DOC-04,Completed,Synthetic Hospital EHR
PT-10184,Discharge Processing,2026-01-14T21:41:29.270073875+00:00,Billing,BIL-05,Completed,Synthetic Hospital EHR
PT-10184,Patient Exit,2026-01-15T03:40:08.194967013+00:00,Billing,FRONT-06,Completed,Synthetic Hospital EHR
PT-10185,Patient Registration,2026-01-10T12:32:00+00:00,OPD,REG-01,Completed,Synthetic Hospital EHR
PT-10185,Initial Assessment,2026-01-10T13:14:25.490296023+00:00,OPD,NUR-02,Completed,Synthetic Hospital EHR
PT-10185,Diagnostic Testing,2026-01-10T14:03:33.370938412+00:00,Diagnostics,LAB-03,Completed,Synthetic Hospital EHR
PT-10185,Clinical Review,2026-01-11T01:12:06.053155946+00:00,Clinical,DOC-04,Completed,Synthetic Hospital EHR
PT-10185,Discharge Processing,2026-01-11T02:29:02.278171037+00:00,Billing,BIL-05,Completed,Synthetic Hospital EHR
PT-10185,Patient Exit,2026-01-11T09:30:02.657429521+00:00,Billing,FRONT-06,Completed,Synthetic Hospital EHR
PT-10186,Patient Registration,2026-01-06T01:10:00+00:00,OPD,REG-01,Completed,Synthetic Hospital EHR
PT-10186,Initial Assessment,2026-01-06T01:55:56.703007583+00:00,OPD,NUR-02,Completed,Synthetic Hospital EHR
PT-10186,Diagnostic Testing,2026-01-06T03:09:43.148707360+00:00,Diagnostics,LAB-03,Completed,Synthetic Hospital EHR
PT-10186,Clinical Review,2026-01-06T12:58:16.947070341+00:00,Clinical,DOC-04,Completed,Synthetic Hospital EHR
PT-10186,Discharge Processing,2026-01-06T13:47:20.577362739+00:00,Billing,BIL-05,Completed,Synthetic Hospital EHR
PT-10186,Patient Exit,2026-01-06T21:06:29.483351070+00:00,Billing,FRONT-06,Completed,Synthetic Hospital EHR
PT-10187,Patient Registration,2026-01-07T19:00:00+00:00,OPD,REG-01,Completed,Synthetic Hospital EHR
PT-10187,Initial Assessment,2026-01-07T20:03:00.096745425+00:00,OPD,NUR-02,Completed,Synthetic Hospital EHR
PT-10187,Diagnostic Testing,2026-01-07T21:13:15.612681584+00:00,Diagnostics,LAB-03,Completed,Synthetic Hospital EHR
PT-10187,Clinical Review,2026-01-07T22:04:13.323823021+00:00,Clinical,DOC-04,Completed,Synthetic Hospital EHR
PT-10187,Discharge Processing,2026-01-07T23:09:56.517583440+00:00,Billing,BIL-05,Completed,Synthetic Hospital EHR
PT-10187,Patient Exit,2026-01-08T04:50:27.203312452+00:00,Billing,FRONT-06,Completed,Synthetic Hospital EHR
PT-10188,Patient Registration,2026-01-10T11:13:00+00:00,OPD,REG-01,Completed,Synthetic Hospital EHR
PT-10188,Initial Assessment,2026-01-10T13:17:19.549380003+00:00,OPD,NUR-02,Completed,Synthetic Hospital EHR
PT-10188,Diagnostic Testing,2026-01-10T14:01:20.084001973+00:00,Diagnostics,LAB-03,Completed,Synthetic Hospital EHR
PT-10188,Clinical Review,2026-01-10T21:13:58.607121941+00:00,Clinical,DOC-04,Completed,Synthetic Hospital EHR
PT-10188,Discharge Processing,2026-01-10T22:34:50.821481181+00:00,Billing,BIL-05,Completed,Synthetic Hospital EHR
PT-10188,Patient Exit,2026-01-11T07:29:43.116416272+00:00,Billing,FRONT-06,Completed,Synthetic Hospital EHR
PT-10189,Patient Registration,2026-01-09T08:29:00+00:00,OPD,REG-01,Completed,Synthetic Hospital EHR
PT-10189,Initial Assessment,2026-01-09T09:31:57.412022064+00:00,OPD,NUR-02,Completed,Synthetic Hospital EHR
PT-10189,Diagnostic Testing,2026-01-09T11:17:17.246915116+00:00,Diagnostics,LAB-03,Completed,Synthetic Hospital EHR
PT-10189,Clinical Review,2026-01-09T12:05:56.827043593+00:00,Clinical,DOC-04,Completed,Synthetic Hospital EHR
PT-10189,Discharge Processing,2026-01-09T13:22:49.696306967+00:00,Billing,BIL-05,Completed,Synthetic Hospital EHR
PT-10189,Patient Exit,2026-01-09T14:14:14.057267668+00:00,Billing,FRONT-06,Completed,Synthetic Hospital EHR
PT-10190,Patient Registration,2026-01-10T17:02:00+00:00,OPD,REG-01,Completed,Synthetic Hospital EHR
PT-10190,Initial Assessment,2026-01-10T18:01:44.698510865+00:00,OPD,NUR-02,Completed,Synthetic Hospital EHR
PT-10190,Diagnostic Testing,2026-01-10T19:23:23.536212244+00:00,Diagnostics,LAB-03,Completed,Synthetic Hospital EHR
PT-10190,Clinical Review,2026-01-10T20:42:05.686088931+00:00,Clinical,DOC-04,Completed,Synthetic Hospital EHR
PT-10190,Discharge Processing,2026-01-10T22:11:23.410277421+00:00,Billing,BIL-05,Completed,Synthetic Hospital EHR
PT-10190,Patient Exit,2026-01-10T23:18:18.732323725+00:00,Billing,FRONT-06,Completed,Synthetic Hospital EHR
PT-10191,Patient Registration,2026-01-12T22:23:00+00:00,OPD,REG-01,Completed,Synthetic Hospital EHR
PT-10191,Initial Assessment,2026-01-12T23:31:02.444750651+00:00,OPD,NUR-02,Completed,Synthetic Hospital EHR
PT-10191,Diagnostic Testing,2026-01-13T00:07:23.579004596+00:00,Diagnostics,LAB-03,Completed,Synthetic Hospital EHR
PT-10191,Clinical Review,2026-01-13T08:33:11.691238816+00:00,Clinical,DOC-04,Completed,Synthetic Hospital EHR
PT-10191,Discharge Processing,2026-01-13T09:44:08.198803056+00:00,Billing,BIL-05,Completed,Synthetic Hospital EHR
PT-10191,Patient Exit,2026-01-13T17:38:55.797090717+00:00,Billing,FRONT-06,Completed,Synthetic Hospital EHR
PT-10192,Patient Registration,2026-01-13T15:42:00+00:00,OPD,REG-01,Completed,Synthetic Hospital EHR
PT-10192,Initial Assessment,2026-01-13T16:34:51.749002264+00:00,OPD,NUR-02,Completed,Synthetic Hospital EHR
PT-10192,Diagnostic Testing,2026-01-13T18:24:44.312212494+00:00,Diagnostics,LAB-03,Completed,Synthetic Hospital EHR
PT-10192,Clinical Review,2026-01-14T05:28:48.504227466+00:00,Clinical,DOC-04,Completed,Synthetic Hospital EHR
PT-10192,Discharge Processing,2026-01-14T06:34:47.430797304+00:00,Billing,BIL-05,Completed,Synthetic Hospital EHR
PT-10192,Patient Exit,2026-01-14T15:33:21.611451792+00:00,Billing,FRONT-06,Completed,Synthetic Hospital EHR
PT-10193,Patient Registration,2026-01-13T04:51:00+00:00,OPD,REG-01,Completed,Synthetic Hospital EHR
PT-10193,Initial Assessment,2026-01-13T06:03:24.379592216+00:00,OPD,NUR-02,Completed,Synthetic Hospital EHR
PT-10193,Diagnostic Testing,2026-01-13T09:52:53.478975156+00:00,Diagnostics,LAB-03,Completed,Synthetic Hospital EHR
PT-10193,Clinical Review,2026-01-13T10:49:00.861402417+00:00,Clinical,DOC-04,Completed,Synthetic Hospital EHR
PT-10193,Discharge Processing,2026-01-13T11:57:14.437757935+00:00,Billing,BIL-05,Completed,Synthetic Hospital EHR
PT-10193,Patient Exit,2026-01-13T21:53:13.755201473+00:00,Billing,FRONT-06,Completed,Synthetic Hospital EHR
PT-10194,Patient Registration,2026-01-11T11:44:00+00:00,OPD,REG-01,Completed,Synthetic Hospital EHR
PT-10194,Initial Assessment,2026-01-11T12:48:22.917829557+00:00,OPD,NUR-02,Completed,Synthetic Hospital EHR
PT-10194,Diagnostic Testing,2026-01-11T13:49:11.991206307+00:00,Diagnostics,LAB-03,Completed,Synthetic Hospital EHR
PT-10194,Clinical Review,2026-01-12T02:41:59.527667934+00:00,Clinical,DOC-04,Completed,Synthetic Hospital EHR
PT-10194,Discharge Processing,2026-01-12T03:54:23.830914151+00:00,Billing,BIL-05,Completed,Synthetic Hospital EHR
PT-10194,Patient Exit,2026-01-12T12:45:27.306957832+00:00,Billing,FRONT-06,Completed,Synthetic Hospital EHR
PT-10195,Patient Registration,2026-01-14T02:07:00+00:00,OPD,REG-01,Completed,Synthetic Hospital EHR
PT-10195,Initial Assessment,2026-01-14T03:23:49.257638485+00:00,OPD,NUR-02,Completed,Synthetic Hospital EHR
PT-10195,Diagnostic Testing,2026-01-14T04:47:29.282610388+00:00,Diagnostics,LAB-03,Completed,Synthetic Hospital EHR
PT-10195,Clinical Review,2026-01-14T05:23:57.305637563+00:00,Clinical,DOC-04,Completed,Synthetic Hospital EHR
PT-10195,Discharge Processing,2026-01-14T06:12:03.437571881+00:00,Billing,BIL-05,Completed,Synthetic Hospital EHR
PT-10195,Patient Exit,2026-01-14T07:21:30.235167153+00:00,Billing,FRONT-06,Completed,Synthetic Hospital EHR
PT-10196,Patient Registration,2026-01-10T01:50:00+00:00,OPD,REG-01,Completed,Synthetic Hospital EHR
PT-10196,Initial Assessment,2026-01-10T03:00:24.864799987+00:00,OPD,NUR-02,Completed,Synthetic Hospital EHR
PT-10196,Diagnostic Testing,2026-01-10T04:04:13.783868887+00:00,Diagnostics,LAB-03,Completed,Synthetic Hospital EHR
PT-10196,Clinical Review,2026-01-10T13:26:56.806552766+00:00,Clinical,DOC-04,Completed,Synthetic Hospital EHR
PT-10196,Discharge Processing,2026-01-10T14:54:01.252091923+00:00,Billing,BIL-05,Completed,Synthetic Hospital EHR
PT-10196,Patient Exit,2026-01-10T23:38:55.955610726+00:00,Billing,FRONT-06,Completed,Synthetic Hospital EHR
PT-10197,Patient Registration,2026-01-05T21:15:00+00:00,OPD,REG-01,Completed,Synthetic Hospital EHR
PT-10197,Initial Assessment,2026-01-05T21:57:28.351265784+00:00,OPD,NUR-02,Completed,Synthetic Hospital EHR
PT-10197,Diagnostic Testing,2026-01-06T02:52:29.661382407+00:00,Diagnostics,LAB-03,Completed,Synthetic Hospital EHR
PT-10197,Clinical Review,2026-01-06T13:03:45.584886488+00:00,Clinical,DOC-04,Completed,Synthetic Hospital EHR
PT-10197,Discharge Processing,2026-01-06T14:06:03.927957335+00:00,Billing,BIL-05,Completed,Synthetic Hospital EHR
PT-10197,Patient Exit,2026-01-06T20:15:17.361452144+00:00,Billing,FRONT-06,Completed,Synthetic Hospital EHR
PT-10198,Patient Registration,2026-01-09T18:12:00+00:00,OPD,REG-01,Completed,Synthetic Hospital EHR
PT-10198,Initial Assessment,2026-01-09T19:14:09.554217568+00:00,OPD,NUR-02,Completed,Synthetic Hospital EHR
PT-10198,Diagnostic Testing,2026-01-09T19:51:29.532082998+00:00,Diagnostics,LAB-03,Completed,Synthetic Hospital EHR
PT-10198,Clinical Review,2026-01-10T05:42:54.022618550+00:00,Clinical,DOC-04,Completed,Synthetic Hospital EHR
PT-10198,Discharge Processing,2026-01-10T06:45:23.906785519+00:00,Billing,BIL-05,Completed,Synthetic Hospital EHR
PT-10198,Patient Exit,2026-01-10T12:45:51.536342581+00:00,Billing,FRONT-06,Completed,Synthetic Hospital EHR
PT-10199,Patient Registration,2026-01-12T10:24:00+00:00,OPD,REG-01,Completed,Synthetic Hospital EHR
PT-10199,Initial Assessment,2026-01-12T11:15:53.332818875+00:00,OPD,NUR-02,Completed,Synthetic Hospital EHR
PT-10199,Diagnostic Testing,2026-01-12T11:53:46.914624006+00:00,Diagnostics,LAB-03,Completed,Synthetic Hospital EHR
PT-10199,Clinical Review,2026-01-12T19:44:33.104302926+00:00,Clinical,DOC-04,Completed,Synthetic Hospital EHR
PT-10199,Discharge Processing,2026-01-12T20:38:53.711916171+00:00,Billing,BIL-05,Completed,Synthetic Hospital EHR
PT-10199,Patient Exit,2026-01-12T22:13:25.681443467+00:00,Billing,FRONT-06,Completed,Synthetic Hospital EHR
PT-10200,Patient Registration,2026-01-13T14:41:00+00:00,OPD,REG-01,Completed,Synthetic Hospital EHR
PT-10200,Initial Assessment,2026-01-13T15:23:56.258731978+00:00,OPD,NUR-02,Completed,Synthetic Hospital EHR
PT-10200,Diagnostic Testing,2026-01-13T17:06:37.461312475+00:00,Diagnostics,LAB-03,Completed,Synthetic Hospital EHR
PT-10200,Clinical Review,2026-01-14T00:32:17.639250867+00:00,Clinical,DOC-04,Completed,Synthetic Hospital EHR
PT-10200,Discharge Processing,2026-01-14T02:25:30.152913910+00:00,Billing,BIL-05,Completed,Synthetic Hospital EHR
PT-10200,Patient Exit,2026-01-14T08:05:15.910371035+00:00,Billing,FRONT-06,Completed,Synthetic Hospital EHR
PT-10201,Patient Registration,2026-01-07T00:35:00+00:00,OPD,REG-01,Completed,Synthetic Hospital EHR
PT-10201,Initial Assessment,2026-01-07T01:27:33.824264792+00:00,OPD,NUR-02,Completed,Synthetic Hospital EHR
PT-10201,Diagnostic Testing,2026-01-07T02:44:13.841228045+00:00,Diagnostics,LAB-03,Completed,Synthetic Hospital EHR
PT-10201,Clinical Review,2026-01-07T15:01:48.822747150+00:00,Clinical,DOC-04,Completed,Synthetic Hospital EHR
PT-10201,Discharge Processing,2026-01-07T16:11:16.573059407+00:00,Billing,BIL-05,Completed,Synthetic Hospital EHR
PT-10201,Patient Exit,2026-01-08T00:45:06.067547110+00:00,Billing,FRONT-06,Completed,Synthetic Hospital EHR
PT-10202,Patient Registration,2026-01-12T09:05:00+00:00,OPD,REG-01,Completed,Synthetic Hospital EHR
PT-10202,Initial Assessment,2026-01-12T09:47:37.039824984+00:00,OPD,NUR-02,Completed,Synthetic Hospital EHR
PT-10202,Diagnostic Testing,2026-01-12T10:58:28.279987497+00:00,Diagnostics,LAB-03,Completed,Synthetic Hospital EHR
PT-10202,Clinical Review,2026-01-12T11:49:06.813600306+00:00,Clinical,DOC-04,Completed,Synthetic Hospital EHR
PT-10202,Discharge Processing,2026-01-12T12:52:37.945494175+00:00,Billing,BIL-05,Completed,Synthetic Hospital EHR
PT-10202,Patient Exit,2026-01-12T22:05:15.208226075+00:00,Billing,FRONT-06,Completed,Synthetic Hospital EHR
PT-10203,Patient Registration,2026-01-08T19:03:00+00:00,OPD,REG-01,Completed,Synthetic Hospital EHR
PT-10203,Initial Assessment,2026-01-08T20:13:57.749985645+00:00,OPD,NUR-02,Completed,Synthetic Hospital EHR
PT-10203,Diagnostic Testing,2026-01-08T21:13:24.596370821+00:00,Diagnostics,LAB-03,Completed,Synthetic Hospital EHR
PT-10203,Clinical Review,2026-01-09T08:48:49.123522666+00:00,Clinical,DOC-04,Completed,Synthetic Hospital EHR
PT-10203,Discharge Processing,2026-01-09T09:50:43.265427758+00:00,Billing,BIL-05,Completed,Synthetic Hospital EHR
PT-10203,Patient Exit,2026-01-09T18:17:23.491571911+00:00,Billing,FRONT-06,Completed,Synthetic Hospital EHR
PT-10204,Patient Registration,2026-01-06T10:46:00+00:00,OPD,REG-01,Completed,Synthetic Hospital EHR
PT-10204,Initial Assessment,2026-01-06T11:38:05.280872574+00:00,OPD,NUR-02,Completed,Synthetic Hospital EHR
PT-10204,Diagnostic Testing,2026-01-06T13:22:23.119532111+00:00,Diagnostics,LAB-03,Completed,Synthetic Hospital EHR
PT-10204,Clinical Review,2026-01-07T00:06:15.339394244+00:00,Clinical,DOC-04,Completed,Synthetic Hospital EHR
PT-10204,Discharge Processing,2026-01-07T02:09:39.155640741+00:00,Billing,BIL-05,Completed,Synthetic Hospital EHR
PT-10204,Patient Exit,2026-01-07T07:50:10.591900656+00:00,Billing,FRONT-06,Completed,Synthetic Hospital EHR
PT-10205,Patient Registration,2026-01-08T06:48:00+00:00,OPD,REG-01,Completed,Synthetic Hospital EHR
PT-10205,Initial Assessment,2026-01-08T07:37:23.978232734+00:00,OPD,NUR-02,Completed,Synthetic Hospital EHR
PT-10205,Diagnostic Testing,2026-01-08T08:39:28.925307818+00:00,Diagnostics,LAB-03,Completed,Synthetic Hospital EHR
PT-10205,Clinical Review,2026-01-08T18:20:20.644303963+00:00,Clinical,DOC-04,Completed,Synthetic Hospital EHR
PT-10205,Discharge Processing,2026-01-08T19:27:51.845507702+00:00,Billing,BIL-05,Completed,Synthetic Hospital EHR
PT-10205,Patient Exit,2026-01-09T01:34:34.468209844+00:00,Billing,FRONT-06,Completed,Synthetic Hospital EHR
PT-10206,Patient Registration,2026-01-13T15:48:00+00:00,OPD,REG-01,Completed,Synthetic Hospital EHR
PT-10206,Initial Assessment,2026-01-13T16:41:35.837214716+00:00,OPD,NUR-02,Completed,Synthetic Hospital EHR
PT-10206,Diagnostic Testing,2026-01-13T17:58:14.118910666+00:00,Diagnostics,LAB-03,Completed,Synthetic Hospital EHR
PT-10206,Clinical Review,2026-01-14T03:57:56.714179786+00:00,Clinical,DOC-04,Completed,Synthetic Hospital EHR
PT-10206,Discharge Processing,2026-01-14T05:30:33.165737577+00:00,Billing,BIL-05,Completed,Synthetic Hospital EHR
PT-10206,Patient Exit,2026-01-14T06:34:58.778579511+00:00,Billing,FRONT-06,Completed,Synthetic Hospital EHR
PT-10207,Patient Registration,2026-01-12T18:17:00+00:00,OPD,REG-01,Completed,Synthetic Hospital EHR
PT-10207,Initial Assessment,2026-01-12T19:02:19.848238161+00:00,OPD,NUR-02,Completed,Synthetic Hospital EHR
PT-10207,Diagnostic Testing,2026-01-12T20:58:37.999195242+00:00,Diagnostics,LAB-03,Completed,Synthetic Hospital EHR
PT-10207,Clinical Review,2026-01-13T07:04:16.847867316+00:00,Clinical,DOC-04,Completed,Synthetic Hospital EHR
PT-10207,Discharge Processing,2026-01-13T07:42:20.990205340+00:00,Billing,BIL-05,Completed,Synthetic Hospital EHR
PT-10207,Patient Exit,2026-01-13T08:46:53.717843172+00:00,Billing,FRONT-06,Completed,Synthetic Hospital EHR
PT-10208,Patient Registration,2026-01-15T00:20:00+00:00,OPD,REG-01,Completed,Synthetic Hospital EHR
PT-10208,Initial Assessment,2026-01-15T01:00:17.975439795+00:00,OPD,NUR-02,Completed,Synthetic Hospital EHR
PT-10208,Diagnostic Testing,2026-01-15T02:22:24.053217623+00:00,Diagnostics,LAB-03,Completed,Synthetic Hospital EHR
PT-10208,Clinical Review,2026-01-15T09:56:40.104045701+00:00,Clinical,DOC-04,Completed,Synthetic Hospital EHR
PT-10208,Discharge Processing,2026-01-15T11:06:31.812499838+00:00,Billing,BIL-05,Completed,Synthetic Hospital EHR
PT-10208,Patient Exit,2026-01-15T19:57:18.178963205+00:00,Billing,FRONT-06,Completed,Synthetic Hospital EHR
PT-10209,Patient Registration,2026-01-14T22:55:00+00:00,OPD,REG-01,Completed,Synthetic Hospital EHR
PT-10209,Initial Assessment,2026-01-14T23:50:18.488200562+00:00,OPD,NUR-02,Completed,Synthetic Hospital EHR
PT-10209,Diagnostic Testing,2026-01-15T00:58:17.626511046+00:00,Diagnostics,LAB-03,Completed,Synthetic Hospital EHR
PT-10209,Clinical Review,2026-01-15T13:37:04.874261963+00:00,Clinical,DOC-04,Completed,Synthetic Hospital EHR
PT-10209,Discharge Processing,2026-01-15T14:39:44.545387556+00:00,Billing,BIL-05,Completed,Synthetic Hospital EHR
PT-10209,Patient Exit,2026-01-15T21:17:36.835906509+00:00,Billing,FRONT-06,Completed,Synthetic Hospital EHR
PT-10210,Patient Registration,2026-01-08T09:56:00+00:00,OPD,REG-01,Completed,Synthetic Hospital EHR
PT-10210,Initial Assessment,2026-01-08T10:57:24.085604749+00:00,OPD,NUR-02,Completed,Synthetic Hospital EHR
PT-10210,Diagnostic Testing,2026-01-08T11:39:33.031614513+00:00,Diagnostics,LAB-03,Completed,Synthetic Hospital EHR
PT-10210,Clinical Review,2026-01-08T12:44:33.786352041+00:00,Clinical,DOC-04,Completed,Synthetic Hospital EHR
PT-10210,Discharge Processing,2026-01-08T13:55:15.672035058+00:00,Billing,BIL-05,Completed,Synthetic Hospital EHR
PT-10210,Patient Exit,2026-01-08T15:35:10.752201068+00:00,Billing,FRONT-06,Completed,Synthetic Hospital EHR
PT-10211,Patient Registration,2026-01-09T10:56:00+00:00,OPD,REG-01,Completed,Synthetic Hospital EHR
PT-10211,Initial Assessment,2026-01-09T12:00:15.053198509+00:00,OPD,NUR-02,Completed,Synthetic Hospital EHR
PT-10211,Diagnostic Testing,2026-01-09T13:15:05.455693339+00:00,Diagnostics,LAB-03,Completed,Synthetic Hospital EHR
PT-10211,Clinical Review,2026-01-09T23:44:46.262110589+00:00,Clinical,DOC-04,Completed,Synthetic Hospital EHR
PT-10211,Discharge Processing,2026-01-10T01:07:25.107572418+00:00,Billing,BIL-05,Completed,Synthetic Hospital EHR
PT-10211,Patient Exit,2026-01-10T02:14:17.555144139+00:00,Billing,FRONT-06,Completed,Synthetic Hospital EHR
PT-10212,Patient Registration,2026-01-12T13:13:00+00:00,OPD,REG-01,Completed,Synthetic Hospital EHR
PT-10212,Initial Assessment,2026-01-12T14:25:43.362158558+00:00,OPD,NUR-02,Completed,Synthetic Hospital EHR
PT-10212,Diagnostic Testing,2026-01-12T16:13:55.526713297+00:00,Diagnostics,LAB-03,Completed,Synthetic Hospital EHR
PT-10212,Clinical Review,2026-01-13T04:13:44.807093985+00:00,Clinical,DOC-04,Completed,Synthetic Hospital EHR
PT-10212,Discharge Processing,2026-01-13T05:36:35.370145357+00:00,Billing,BIL-05,Completed,Synthetic Hospital EHR
PT-10212,Patient Exit,2026-01-13T15:32:16.549972573+00:00,Billing,FRONT-06,Completed,Synthetic Hospital EHR
PT-10213,Patient Registration,2026-01-13T22:23:00+00:00,OPD,REG-01,Completed,Synthetic Hospital EHR
PT-10213,Initial Assessment,2026-01-13T23:19:41.852714797+00:00,OPD,NUR-02,Completed,Synthetic Hospital EHR
PT-10213,Diagnostic Testing,2026-01-14T00:53:32.694856693+00:00,Diagnostics,LAB-03,Completed,Synthetic Hospital EHR
PT-10213,Clinical Review,2026-01-14T09:49:03.056456544+00:00,Clinical,DOC-04,Completed,Synthetic Hospital EHR
PT-10213,Discharge Processing,2026-01-14T11:06:41.766506697+00:00,Billing,BIL-05,Completed,Synthetic Hospital EHR
PT-10213,Patient Exit,2026-01-14T18:38:20.817255124+00:00,Billing,FRONT-06,Completed,Synthetic Hospital EHR
PT-10214,Patient Registration,2026-01-09T11:00:00+00:00,OPD,REG-01,Completed,Synthetic Hospital EHR
PT-10214,Initial Assessment,2026-01-09T12:26:49.602615246+00:00,OPD,NUR-02,Completed,Synthetic Hospital EHR
PT-10214,Diagnostic Testing,2026-01-09T13:24:04.097075369+00:00,Diagnostics,LAB-03,Completed,Synthetic Hospital EHR
PT-10214,Clinical Review,2026-01-09T21:09:52.177852232+00:00,Clinical,DOC-04,Completed,Synthetic Hospital EHR
PT-10214,Discharge Processing,2026-01-09T22:37:04.331769784+00:00,Billing,BIL-05,Completed,Synthetic Hospital EHR
PT-10214,Patient Exit,2026-01-09T23:38:18.717591821+00:00,Billing,FRONT-06,Completed,Synthetic Hospital EHR
PT-10215,Patient Registration,2026-01-09T09:59:00+00:00,OPD,REG-01,Completed,Synthetic Hospital EHR
PT-10215,Initial Assessment,2026-01-09T10:59:29.546291056+00:00,OPD,NUR-02,Completed,Synthetic Hospital EHR
PT-10215,Diagnostic Testing,2026-01-09T14:06:05.078213279+00:00,Diagnostics,LAB-03,Completed,Synthetic Hospital EHR
PT-10215,Clinical Review,2026-01-09T22:59:58.485691752+00:00,Clinical,DOC-04,Completed,Synthetic Hospital EHR
PT-10215,Discharge Processing,2026-01-09T23:59:36.109520633+00:00,Billing,BIL-05,Completed,Synthetic Hospital EHR
PT-10215,Patient Exit,2026-01-10T06:22:06.668251977+00:00,Billing,FRONT-06,Completed,Synthetic Hospital EHR
PT-10216,Patient Registration,2026-01-14T13:33:00+00:00,OPD,REG-01,Completed,Synthetic Hospital EHR
PT-10216,Initial Assessment,2026-01-14T14:30:31.368803904+00:00,OPD,NUR-02,Completed,Synthetic Hospital EHR
PT-10216,Diagnostic Testing,2026-01-14T16:13:05.972782131+00:00,Diagnostics,LAB-03,Completed,Synthetic Hospital EHR
PT-10216,Clinical Review,2026-01-15T02:51:27.805622352+00:00,Clinical,DOC-04,Completed,Synthetic Hospital EHR
PT-10216,Discharge Processing,2026-01-15T04:13:55.833262214+00:00,Billing,BIL-05,Completed,Synthetic Hospital EHR
PT-10216,Patient Exit,2026-01-15T09:35:28.181824694+00:00,Billing,FRONT-06,Completed,Synthetic Hospital EHR
PT-10217,Patient Registration,2026-01-11T03:36:00+00:00,OPD,REG-01,Completed,Synthetic Hospital EHR
PT-10217,Initial Assessment,2026-01-11T04:40:30.583281589+00:00,OPD,NUR-02,Completed,Synthetic Hospital EHR
PT-10217,Diagnostic Testing,2026-01-11T05:59:07.933510637+00:00,Diagnostics,LAB-03,Completed,Synthetic Hospital EHR
PT-10217,Clinical Review,2026-01-11T18:24:32.263988619+00:00,Clinical,DOC-04,Completed,Synthetic Hospital EHR
PT-10217,Discharge Processing,2026-01-11T19:28:20.445858666+00:00,Billing,BIL-05,Completed,Synthetic Hospital EHR
PT-10217,Patient Exit,2026-01-12T01:29:10.674005630+00:00,Billing,FRONT-06,Completed,Synthetic Hospital EHR
PT-10218,Patient Registration,2026-01-06T17:49:00+00:00,OPD,REG-01,Completed,Synthetic Hospital EHR
PT-10218,Initial Assessment,2026-01-06T18:33:30.704980714+00:00,OPD,NUR-02,Completed,Synthetic Hospital EHR
PT-10218,Diagnostic Testing,2026-01-06T22:15:46.634934382+00:00,Diagnostics,LAB-03,Completed,Synthetic Hospital EHR
PT-10218,Clinical Review,2026-01-07T07:03:52.508236660+00:00,Clinical,DOC-04,Completed,Synthetic Hospital EHR
PT-10218,Discharge Processing,2026-01-07T08:53:54.115610091+00:00,Billing,BIL-05,Completed,Synthetic Hospital EHR
PT-10218,Patient Exit,2026-01-07T15:01:13.601678235+00:00,Billing,FRONT-06,Completed,Synthetic Hospital EHR
PT-10219,Patient Registration,2026-01-12T13:57:00+00:00,OPD,REG-01,Completed,Synthetic Hospital EHR
PT-10219,Initial Assessment,2026-01-12T14:50:31.478266445+00:00,OPD,NUR-02,Completed,Synthetic Hospital EHR
PT-10219,Diagnostic Testing,2026-01-12T16:07:50.537646960+00:00,Diagnostics,LAB-03,Completed,Synthetic Hospital EHR
PT-10219,Clinical Review,2026-01-13T02:59:41.140718277+00:00,Clinical,DOC-04,Completed,Synthetic Hospital EHR
PT-10219,Discharge Processing,2026-01-13T03:53:20.539385898+00:00,Billing,BIL-05,Completed,Synthetic Hospital EHR
PT-10219,Patient Exit,2026-01-13T05:20:04.722191669+00:00,Billing,FRONT-06,Completed,Synthetic Hospital EHR
PT-10220,Patient Registration,2026-01-05T19:00:00+00:00,OPD,REG-01,Completed,Synthetic Hospital EHR
PT-10220,Initial Assessment,2026-01-05T19:49:19.850854381+00:00,OPD,NUR-02,Completed,Synthetic Hospital EHR
PT-10220,Diagnostic Testing,2026-01-06T00:28:15.642761702+00:00,Diagnostics,LAB-03,Completed,Synthetic Hospital EHR
PT-10220,Clinical Review,2026-01-06T07:43:34.762022872+00:00,Clinical,DOC-04,Completed,Synthetic Hospital EHR
PT-10220,Discharge Processing,2026-01-06T08:44:06.408214225+00:00,Billing,BIL-05,Completed,Synthetic Hospital EHR
PT-10220,Patient Exit,2026-01-06T15:48:17.153957207+00:00,Billing,FRONT-06,Completed,Synthetic Hospital EHR
PT-10221,Patient Registration,2026-01-06T08:40:00+00:00,OPD,REG-01,Completed,Synthetic Hospital EHR
PT-10221,Initial Assessment,2026-01-06T09:32:13.939201359+00:00,OPD,NUR-02,Completed,Synthetic Hospital EHR
PT-10221,Diagnostic Testing,2026-01-06T11:15:39.642514665+00:00,Diagnostics,LAB-03,Completed,Synthetic Hospital EHR
PT-10221,Clinical Review,2026-01-06T11:51:43.941967695+00:00,Clinical,DOC-04,Completed,Synthetic Hospital EHR
PT-10221,Discharge Processing,2026-01-06T13:13:27.008243153+00:00,Billing,BIL-05,Completed,Synthetic Hospital EHR
PT-10221,Patient Exit,2026-01-06T13:44:17.626067819+00:00,Billing,FRONT-06,Completed,Synthetic Hospital EHR
PT-10222,Patient Registration,2026-01-12T11:39:00+00:00,OPD,REG-01,Completed,Synthetic Hospital EHR
PT-10222,Initial Assessment,2026-01-12T12:45:54.040859024+00:00,OPD,NUR-02,Completed,Synthetic Hospital EHR
PT-10222,Diagnostic Testing,2026-01-12T13:45:14.705984397+00:00,Diagnostics,LAB-03,Completed,Synthetic Hospital EHR
PT-10222,Clinical Review,2026-01-12T21:13:22.878605921+00:00,Clinical,DOC-04,Completed,Synthetic Hospital EHR
PT-10222,Discharge Processing,2026-01-12T21:47:08.333987593+00:00,Billing,BIL-05,Completed,Synthetic Hospital EHR
PT-10222,Patient Exit,2026-01-13T05:51:33.595382982+00:00,Billing,FRONT-06,Completed,Synthetic Hospital EHR
PT-10223,Patient Registration,2026-01-15T00:50:00+00:00,OPD,REG-01,Completed,Synthetic Hospital EHR
PT-10223,Initial Assessment,2026-01-15T02:07:31.877278928+00:00,OPD,NUR-02,Completed,Synthetic Hospital EHR
PT-10223,Diagnostic Testing,2026-01-15T03:15:43.294337761+00:00,Diagnostics,LAB-03,Completed,Synthetic Hospital EHR
PT-10223,Clinical Review,2026-01-15T10:42:43.668176554+00:00,Clinical,DOC-04,Completed,Synthetic Hospital EHR
PT-10223,Discharge Processing,2026-01-15T12:13:12.972246779+00:00,Billing,BIL-05,Completed,Synthetic Hospital EHR
PT-10223,Patient Exit,2026-01-15T13:16:17.340692549+00:00,Billing,FRONT-06,Completed,Synthetic Hospital EHR
PT-10224,Patient Registration,2026-01-10T18:44:00+00:00,OPD,REG-01,Completed,Synthetic Hospital EHR
PT-10224,Initial Assessment,2026-01-10T19:35:51.656052979+00:00,OPD,NUR-02,Completed,Synthetic Hospital EHR
PT-10224,Diagnostic Testing,2026-01-10T20:31:08.156333098+00:00,Diagnostics,LAB-03,Completed,Synthetic Hospital EHR
PT-10224,Clinical Review,2026-01-11T04:34:03.995875730+00:00,Clinical,DOC-04,Completed,Synthetic Hospital EHR
PT-10224,Discharge Processing,2026-01-11T05:19:36.707108198+00:00,Billing,BIL-05,Completed,Synthetic Hospital EHR
PT-10224,Patient Exit,2026-01-11T15:02:22.938313856+00:00,Billing,FRONT-06,Completed,Synthetic Hospital EHR
PT-10225,Patient Registration,2026-01-08T10:55:00+00:00,OPD,REG-01,Completed,Synthetic Hospital EHR
PT-10225,Initial Assessment,2026-01-08T11:37:48.723456390+00:00,OPD,NUR-02,Completed,Synthetic Hospital EHR
PT-10225,Diagnostic Testing,2026-01-08T13:39:10.290761362+00:00,Diagnostics,LAB-03,Completed,Synthetic Hospital EHR
PT-10225,Clinical Review,2026-01-09T01:45:47.489908816+00:00,Clinical,DOC-04,Completed,Synthetic Hospital EHR
PT-10225,Discharge Processing,2026-01-09T02:44:53.297620247+00:00,Billing,BIL-05,Completed,Synthetic Hospital EHR
PT-10225,Patient Exit,2026-01-09T12:22:53.366405710+00:00,Billing,FRONT-06,Completed,Synthetic Hospital EHR
PT-10226,Patient Registration,2026-01-06T06:48:00+00:00,OPD,REG-01,Completed,Synthetic Hospital EHR
PT-10226,Initial Assessment,2026-01-06T07:22:47.239319956+00:00,OPD,NUR-02,Completed,Synthetic Hospital EHR
PT-10226,Diagnostic Testing,2026-01-06T08:29:42.789846810+00:00,Diagnostics,LAB-03,Completed,Synthetic Hospital EHR
PT-10226,Clinical Review,2026-01-06T19:32:25.406003618+00:00,Clinical,DOC-04,Completed,Synthetic Hospital EHR
PT-10226,Discharge Processing,2026-01-06T20:28:11.550555860+00:00,Billing,BIL-05,Completed,Synthetic Hospital EHR
PT-10226,Patient Exit,2026-01-07T03:50:47.051677764+00:00,Billing,FRONT-06,Completed,Synthetic Hospital EHR
PT-10227,Patient Registration,2026-01-12T06:18:00+00:00,OPD,REG-01,Completed,Synthetic Hospital EHR
PT-10227,Initial Assessment,2026-01-12T07:21:47.747835437+00:00,OPD,NUR-02,Completed,Synthetic Hospital EHR
PT-10227,Diagnostic Testing,2026-01-12T08:05:48.748560546+00:00,Diagnostics,LAB-03,Completed,Synthetic Hospital EHR
PT-10227,Clinical Review,2026-01-12T09:12:01.007444687+00:00,Clinical,DOC-04,Completed,Synthetic Hospital EHR
PT-10227,Discharge Processing,2026-01-12T10:06:11.973815669+00:00,Billing,BIL-05,Completed,Synthetic Hospital EHR
PT-10227,Patient Exit,2026-01-12T19:52:05.526723750+00:00,Billing,FRONT-06,Completed,Synthetic Hospital EHR
PT-10228,Patient Registration,2026-01-07T05:31:00+00:00,OPD,REG-01,Completed,Synthetic Hospital EHR
PT-10228,Initial Assessment,2026-01-07T06:33:30.968263702+00:00,OPD,NUR-02,Completed,Synthetic Hospital EHR
PT-10228,Diagnostic Testing,2026-01-07T10:26:26.725756946+00:00,Diagnostics,LAB-03,Completed,Synthetic Hospital EHR
PT-10228,Clinical Review,2026-01-07T18:21:24.832647920+00:00,Clinical,DOC-04,Completed,Synthetic Hospital EHR
PT-10228,Discharge Processing,2026-01-07T19:19:40.371654322+00:00,Billing,BIL-05,Completed,Synthetic Hospital EHR
PT-10228,Patient Exit,2026-01-08T01:45:39.059422770+00:00,Billing,FRONT-06,Completed,Synthetic Hospital EHR
PT-10229,Patient Registration,2026-01-06T11:48:00+00:00,OPD,REG-01,Completed,Synthetic Hospital EHR
PT-10229,Initial Assessment,2026-01-06T13:01:13.252552475+00:00,OPD,NUR-02,Completed,Synthetic Hospital EHR
PT-10229,Diagnostic Testing,2026-01-06T16:02:52.449510592+00:00,Diagnostics,LAB-03,Completed,Synthetic Hospital EHR
PT-10229,Clinical Review,2026-01-06T23:14:24.591041160+00:00,Clinical,DOC-04,Completed,Synthetic Hospital EHR
PT-10229,Discharge Processing,2026-01-07T01:01:23.391116189+00:00,Billing,BIL-05,Completed,Synthetic Hospital EHR
PT-10229,Patient Exit,2026-01-07T09:16:47.421093509+00:00,Billing,FRONT-06,Completed,Synthetic Hospital EHR
PT-10230,Patient Registration,2026-01-09T20:32:00+00:00,OPD,REG-01,Completed,Synthetic Hospital EHR
PT-10230,Initial Assessment,2026-01-09T21:39:47.794564648+00:00,OPD,NUR-02,Completed,Synthetic Hospital EHR
PT-10230,Diagnostic Testing,2026-01-09T22:58:44.135676706+00:00,Diagnostics,LAB-03,Completed,Synthetic Hospital EHR
PT-10230,Clinical Review,2026-01-09T23:56:24.351195800+00:00,Clinical,DOC-04,Completed,Synthetic Hospital EHR
PT-10230,Discharge Processing,2026-01-10T01:02:07.851856661+00:00,Billing,BIL-05,Completed,Synthetic Hospital EHR
PT-10230,Patient Exit,2026-01-10T06:08:40.816906285+00:00,Billing,FRONT-06,Completed,Synthetic Hospital EHR
PT-10231,Patient Registration,2026-01-07T19:35:00+00:00,OPD,REG-01,Completed,Synthetic Hospital EHR
PT-10231,Initial Assessment,2026-01-07T20:24:31.686326334+00:00,OPD,NUR-02,Completed,Synthetic Hospital EHR
PT-10231,Diagnostic Testing,2026-01-07T21:23:24.847018579+00:00,Diagnostics,LAB-03,Completed,Synthetic Hospital EHR
PT-10231,Clinical Review,2026-01-08T09:05:13.771236589+00:00,Clinical,DOC-04,Completed,Synthetic Hospital EHR
PT-10231,Discharge Processing,2026-01-08T10:25:27.227292158+00:00,Billing,BIL-05,Completed,Synthetic Hospital EHR
PT-10231,Patient Exit,2026-01-08T18:25:51.937022762+00:00,Billing,FRONT-06,Completed,Synthetic Hospital EHR
PT-10232,Patient Registration,2026-01-14T08:56:00+00:00,OPD,REG-01,Completed,Synthetic Hospital EHR
PT-10232,Initial Assessment,2026-01-14T10:00:44.107399687+00:00,OPD,NUR-02,Completed,Synthetic Hospital EHR
PT-10232,Diagnostic Testing,2026-01-14T13:41:05.365378764+00:00,Diagnostics,LAB-03,Completed,Synthetic Hospital EHR
PT-10232,Clinical Review,2026-01-14T15:14:56.982699637+00:00,Clinical,DOC-04,Completed,Synthetic Hospital EHR
PT-10232,Discharge Processing,2026-01-14T16:17:28.261443900+00:00,Billing,BIL-05,Completed,Synthetic Hospital EHR
PT-10232,Patient Exit,2026-01-15T00:01:34.041620307+00:00,Billing,FRONT-06,Completed,Synthetic Hospital EHR
PT-10233,Patient Registration,2026-01-08T04:21:00+00:00,OPD,REG-01,Completed,Synthetic Hospital EHR
PT-10233,Initial Assessment,2026-01-08T05:40:26.457702988+00:00,OPD,NUR-02,Completed,Synthetic Hospital EHR
PT-10233,Diagnostic Testing,2026-01-08T06:53:21.074926315+00:00,Diagnostics,LAB-03,Completed,Synthetic Hospital EHR
PT-10233,Clinical Review,2026-01-08T18:56:42.414755428+00:00,Clinical,DOC-04,Completed,Synthetic Hospital EHR
PT-10233,Discharge Processing,2026-01-08T20:18:33.541613752+00:00,Billing,BIL-05,Completed,Synthetic Hospital EHR
PT-10233,Patient Exit,2026-01-09T06:11:58.365037935+00:00,Billing,FRONT-06,Completed,Synthetic Hospital EHR
PT-10234,Patient Registration,2026-01-05T12:28:00+00:00,OPD,REG-01,Completed,Synthetic Hospital EHR
PT-10234,Initial Assessment,2026-01-05T13:30:26.261058087+00:00,OPD,NUR-02,Completed,Synthetic Hospital EHR
PT-10234,Diagnostic Testing,2026-01-05T14:44:48.508162612+00:00,Diagnostics,LAB-03,Completed,Synthetic Hospital EHR
PT-10234,Clinical Review,2026-01-06T00:17:19.458766505+00:00,Clinical,DOC-04,Completed,Synthetic Hospital EHR
PT-10234,Discharge Processing,2026-01-06T01:36:10.925599535+00:00,Billing,BIL-05,Completed,Synthetic Hospital EHR
PT-10234,Patient Exit,2026-01-06T11:27:31.358331976+00:00,Billing,FRONT-06,Completed,Synthetic Hospital EHR
PT-10235,Patient Registration,2026-01-06T15:25:00+00:00,OPD,REG-01,Completed,Synthetic Hospital EHR
PT-10235,Initial Assessment,2026-01-06T16:23:57.726004128+00:00,OPD,NUR-02,Completed,Synthetic Hospital EHR
PT-10235,Diagnostic Testing,2026-01-06T17:14:14.038631776+00:00,Diagnostics,LAB-03,Completed,Synthetic Hospital EHR
PT-10235,Clinical Review,2026-01-07T01:54:50.965900892+00:00,Clinical,DOC-04,Completed,Synthetic Hospital EHR
PT-10235,Discharge Processing,2026-01-07T02:31:22.523331325+00:00,Billing,BIL-05,Completed,Synthetic Hospital EHR
PT-10235,Patient Exit,2026-01-07T10:10:35.542570409+00:00,Billing,FRONT-06,Completed,Synthetic Hospital EHR
PT-10236,Patient Registration,2026-01-07T14:25:00+00:00,OPD,REG-01,Completed,Synthetic Hospital EHR
PT-10236,Initial Assessment,2026-01-07T15:35:45.267779911+00:00,OPD,NUR-02,Completed,Synthetic Hospital EHR
PT-10236,Diagnostic Testing,2026-01-07T16:42:20.106645581+00:00,Diagnostics,LAB-03,Completed,Synthetic Hospital EHR
PT-10236,Clinical Review,2026-01-08T00:54:24.068746213+00:00,Clinical,DOC-04,Completed,Synthetic Hospital EHR
PT-10236,Discharge Processing,2026-01-08T01:56:45.415331657+00:00,Billing,BIL-05,Completed,Synthetic Hospital EHR
PT-10236,Patient Exit,2026-01-08T10:19:12.044874962+00:00,Billing,FRONT-06,Completed,Synthetic Hospital EHR
PT-10237,Patient Registration,2026-01-07T04:45:00+00:00,OPD,REG-01,Completed,Synthetic Hospital EHR
PT-10237,Initial Assessment,2026-01-07T06:00:33.951142213+00:00,OPD,NUR-02,Completed,Synthetic Hospital EHR
PT-10237,Diagnostic Testing,2026-01-07T07:31:59.343611218+00:00,Diagnostics,LAB-03,Completed,Synthetic Hospital EHR
PT-10237,Clinical Review,2026-01-07T17:19:55.943695006+00:00,Clinical,DOC-04,Completed,Synthetic Hospital EHR
PT-10237,Discharge Processing,2026-01-07T18:09:31.101890239+00:00,Billing,BIL-05,Completed,Synthetic Hospital EHR
PT-10237,Patient Exit,2026-01-07T19:19:33.294517932+00:00,Billing,FRONT-06,Completed,Synthetic Hospital EHR
PT-10238,Patient Registration,2026-01-05T18:04:00+00:00,OPD,REG-01,Completed,Synthetic Hospital EHR
PT-10238,Initial Assessment,2026-01-05T18:49:18.810811859+00:00,OPD,NUR-02,Completed,Synthetic Hospital EHR
PT-10238,Diagnostic Testing,2026-01-05T20:23:42.851753571+00:00,Diagnostics,LAB-03,Completed,Synthetic Hospital EHR
PT-10238,Clinical Review,2026-01-06T04:08:19.913729493+00:00,Clinical,DOC-04,Completed,Synthetic Hospital EHR
PT-10238,Discharge Processing,2026-01-06T06:31:20.001396729+00:00,Billing,BIL-05,Completed,Synthetic Hospital EHR
PT-10238,Patient Exit,2026-01-06T07:10:29.159012909+00:00,Billing,FRONT-06,Completed,Synthetic Hospital EHR
PT-10239,Patient Registration,2026-01-14T08:01:00+00:00,OPD,REG-01,Completed,Synthetic Hospital EHR
PT-10239,Initial Assessment,2026-01-14T08:54:02.665022596+00:00,OPD,NUR-02,Completed,Synthetic Hospital EHR
PT-10239,Diagnostic Testing,2026-01-14T09:37:37.009531934+00:00,Diagnostics,LAB-03,Completed,Synthetic Hospital EHR
PT-10239,Clinical Review,2026-01-14T20:54:30.480305934+00:00,Clinical,DOC-04,Completed,Synthetic Hospital EHR
PT-10239,Discharge Processing,2026-01-14T21:43:15.594092114+00:00,Billing,BIL-05,Completed,Synthetic Hospital EHR
PT-10239,Patient Exit,2026-01-15T03:32:07.012014482+00:00,Billing,FRONT-06,Completed,Synthetic Hospital EHR
PT-10240,Patient Registration,2026-01-13T14:05:00+00:00,OPD,REG-01,Completed,Synthetic Hospital EHR
PT-10240,Initial Assessment,2026-01-13T15:02:27.730108190+00:00,OPD,NUR-02,Completed,Synthetic Hospital EHR
PT-10240,Diagnostic Testing,2026-01-13T16:42:37.837405082+00:00,Diagnostics,LAB-03,Completed,Synthetic Hospital EHR
PT-10240,Clinical Review,2026-01-14T05:16:35.474898093+00:00,Clinical,DOC-04,Completed,Synthetic Hospital EHR
PT-10240,Discharge Processing,2026-01-14T06:23:14.631345885+00:00,Billing,BIL-05,Completed,Synthetic Hospital EHR
PT-10240,Patient Exit,2026-01-14T11:55:43.121292432+00:00,Billing,FRONT-06,Completed,Synthetic Hospital EHR
PT-10241,Patient Registration,2026-01-10T15:58:00+00:00,OPD,REG-01,Completed,Synthetic Hospital EHR
PT-10241,Initial Assessment,2026-01-10T16:54:12.125879297+00:00,OPD,NUR-02,Completed,Synthetic Hospital EHR
PT-10241,Diagnostic Testing,2026-01-10T19:57:13.601498605+00:00,Diagnostics,LAB-03,Completed,Synthetic Hospital EHR
PT-10241,Clinical Review,2026-01-11T05:13:31.813531190+00:00,Clinical,DOC-04,Completed,Synthetic Hospital EHR
PT-10241,Discharge Processing,2026-01-11T06:24:28.634652364+00:00,Billing,BIL-05,Completed,Synthetic Hospital EHR
PT-10241,Patient Exit,2026-01-11T13:02:51.264555916+00:00,Billing,FRONT-06,Completed,Synthetic Hospital EHR
PT-10242,Patient Registration,2026-01-07T14:13:00+00:00,OPD,REG-01,Completed,Synthetic Hospital EHR
PT-10242,Initial Assessment,2026-01-07T15:15:25.465311891+00:00,OPD,NUR-02,Completed,Synthetic Hospital EHR
PT-10242,Diagnostic Testing,2026-01-07T16:57:20.800393996+00:00,Diagnostics,LAB-03,Completed,Synthetic Hospital EHR
PT-10242,Clinical Review,2026-01-07T18:02:35.990073931+00:00,Clinical,DOC-04,Completed,Synthetic Hospital EHR
PT-10242,Discharge Processing,2026-01-07T19:04:52.270010164+00:00,Billing,BIL-05,Completed,Synthetic Hospital EHR
PT-10242,Patient Exit,2026-01-08T03:57:03.179905641+00:00,Billing,FRONT-06,Completed,Synthetic Hospital EHR
PT-10243,Patient Registration,2026-01-07T08:30:00+00:00,OPD,REG-01,Completed,Synthetic Hospital EHR
PT-10243,Initial Assessment,2026-01-07T09:40:13.462882419+00:00,OPD,NUR-02,Completed,Synthetic Hospital EHR
PT-10243,Diagnostic Testing,2026-01-07T14:39:32.200972394+00:00,Diagnostics,LAB-03,Completed,Synthetic Hospital EHR
PT-10243,Clinical Review,2026-01-08T02:15:36.713243509+00:00,Clinical,DOC-04,Completed,Synthetic Hospital EHR
PT-10243,Discharge Processing,2026-01-08T03:40:47.006055442+00:00,Billing,BIL-05,Completed,Synthetic Hospital EHR
PT-10243,Patient Exit,2026-01-08T13:19:33.366447552+00:00,Billing,FRONT-06,Completed,Synthetic Hospital EHR
PT-10244,Patient Registration,2026-01-09T18:55:00+00:00,OPD,REG-01,Completed,Synthetic Hospital EHR
PT-10244,Initial Assessment,2026-01-09T19:34:05.063244775+00:00,OPD,NUR-02,Completed,Synthetic Hospital EHR
PT-10244,Diagnostic Testing,2026-01-09T23:07:11.714907468+00:00,Diagnostics,LAB-03,Completed,Synthetic Hospital EHR
PT-10244,Clinical Review,2026-01-10T10:44:27.753015462+00:00,Clinical,DOC-04,Completed,Synthetic Hospital EHR
PT-10244,Discharge Processing,2026-01-10T11:46:03.080466309+00:00,Billing,BIL-05,Completed,Synthetic Hospital EHR
PT-10244,Patient Exit,2026-01-10T21:03:06.567520807+00:00,Billing,FRONT-06,Completed,Synthetic Hospital EHR
PT-10245,Patient Registration,2026-01-13T00:49:00+00:00,OPD,REG-01,Completed,Synthetic Hospital EHR
PT-10245,Initial Assessment,2026-01-13T01:55:09.132585367+00:00,OPD,NUR-02,Completed,Synthetic Hospital EHR
PT-10245,Diagnostic Testing,2026-01-13T03:22:11.653959170+00:00,Diagnostics,LAB-03,Completed,Synthetic Hospital EHR
PT-10245,Clinical Review,2026-01-13T11:57:40.264611201+00:00,Clinical,DOC-04,Completed,Synthetic Hospital EHR
PT-10245,Discharge Processing,2026-01-13T13:16:46.873808937+00:00,Billing,BIL-05,Completed,Synthetic Hospital EHR
PT-10245,Patient Exit,2026-01-13T22:40:36.285011715+00:00,Billing,FRONT-06,Completed,Synthetic Hospital EHR
PT-10246,Patient Registration,2026-01-13T22:39:00+00:00,OPD,REG-01,Completed,Synthetic Hospital EHR
PT-10246,Initial Assessment,2026-01-13T23:51:46.967347426+00:00,OPD,NUR-02,Completed,Synthetic Hospital EHR
PT-10246,Diagnostic Testing,2026-01-14T01:20:22.435564090+00:00,Diagnostics,LAB-03,Completed,Synthetic Hospital EHR
PT-10246,Clinical Review,2026-01-14T10:50:45.690549527+00:00,Clinical,DOC-04,Completed,Synthetic Hospital EHR
PT-10246,Discharge Processing,2026-01-14T12:01:57.349820480+00:00,Billing,BIL-05,Completed,Synthetic Hospital EHR
PT-10246,Patient Exit,2026-01-14T17:47:29.781015898+00:00,Billing,FRONT-06,Completed,Synthetic Hospital EHR
PT-10247,Patient Registration,2026-01-14T06:29:00+00:00,OPD,REG-01,Completed,Synthetic Hospital EHR
PT-10247,Initial Assessment,2026-01-14T07:21:38.163383335+00:00,OPD,NUR-02,Completed,Synthetic Hospital EHR
PT-10247,Diagnostic Testing,2026-01-14T08:46:45.939475709+00:00,Diagnostics,LAB-03,Completed,Synthetic Hospital EHR
PT-10247,Clinical Review,2026-01-14T09:37:10.137817235+00:00,Clinical,DOC-04,Completed,Synthetic Hospital EHR
PT-10247,Discharge Processing,2026-01-14T11:42:45.039659458+00:00,Billing,BIL-05,Completed,Synthetic Hospital EHR
PT-10247,Patient Exit,2026-01-14T13:20:28.930368647+00:00,Billing,FRONT-06,Completed,Synthetic Hospital EHR
PT-10248,Patient Registration,2026-01-06T23:50:00+00:00,OPD,REG-01,Completed,Synthetic Hospital EHR
PT-10248,Initial Assessment,2026-01-07T00:53:51.158826372+00:00,OPD,NUR-02,Completed,Synthetic Hospital EHR
PT-10248,Diagnostic Testing,2026-01-07T02:30:31.800909824+00:00,Diagnostics,LAB-03,Completed,Synthetic Hospital EHR
PT-10248,Clinical Review,2026-01-07T03:40:34.784646883+00:00,Clinical,DOC-04,Completed,Synthetic Hospital EHR
PT-10248,Discharge Processing,2026-01-07T04:48:56.245425166+00:00,Billing,BIL-05,Completed,Synthetic Hospital EHR
PT-10248,Patient Exit,2026-01-07T05:27:00.026849085+00:00,Billing,FRONT-06,Completed,Synthetic Hospital EHR
PT-10249,Patient Registration,2026-01-06T18:06:00+00:00,OPD,REG-01,Completed,Synthetic Hospital EHR
PT-10249,Initial Assessment,2026-01-06T18:56:07.362530619+00:00,OPD,NUR-02,Completed,Synthetic Hospital EHR
PT-10249,Diagnostic Testing,2026-01-06T19:57:01.274141961+00:00,Diagnostics,LAB-03,Completed,Synthetic Hospital EHR
PT-10249,Clinical Review,2026-01-07T07:50:44.740395963+00:00,Clinical,DOC-04,Completed,Synthetic Hospital EHR
PT-10249,Discharge Processing,2026-01-07T08:54:39.053099949+00:00,Billing,BIL-05,Completed,Synthetic Hospital EHR
PT-10249,Patient Exit,2026-01-07T15:12:13.082306626+00:00,Billing,FRONT-06,Completed,Synthetic Hospital EHR
